2719;-1.6420417;101.1461751;738774.271;9818376.366;807.580;-807.580;2023;1;3;3;43;21.0000000;0.0021140;WCC
2720;-1.6381360;101.1481445;738993.945;9818808.136;999.130;-999.130;2023;1;3;3;52;5.6700001;0.0021777;WCC
2721;-1.6356604;101.1507161;739280.480;9819081.653;695.140;-695.140;2023;1;3;3;52;21.0000000;0.0022182;WCC
2722;-1.6425207;101.1383952;737908.251;9818324.312;757.100;-757.100;2023;1;3;3;52;34.7500000;0.0026239;WCC
2723;-1.6400803;101.1447103;738611.460;9818593.489;819.140;-819.140;2023;1;3;4;2;20.4400005;0.0034782;WCC
2724;-1.6400960;101.1456299;738713.817;9818591.642;897.360;-897.360;2023;1;4;20;11;39.3800011;0.0025953;WCC
2725;-1.6404750;101.1432536;738449.270;9818550.005;906.760;-906.760;2023;1;4;20;16;15.5200005;0.0029093;WCC
2726;-1.6457231;101.1402832;738118.020;9817969.875;575.530;-575.530;2023;1;4;20;17;9.6400003;0.0030770;WCC
2727;-1.6484999;101.1281576;736768.028;9817664.184;-174.190;174.190;2023;1;4;20;18;22.6800003;0.0496881;Reloc
2729;-1.6459471;101.1397461;738058.210;9817945.162;778.360;-778.360;2023;1;11;13;28;50.2999992;0.0017059;WCC
2734;-1.6411608;101.1466227;738824.197;9818473.747;1015.670;-1015.670;2023;1;20;18;30;0.3000000;0.0033682;WCC
2735;-1.6442196;101.1384440;737913.481;9818136.394;987.230;-987.230;2023;1;20;19;10;25.3999996;0.0027649;WCC
2736;-1.6417454;101.1446696;738606.732;9818409.319;614.660;-614.660;2023;1;20;19;10;36.4399986;0.0031582;WCC
2737;-1.6420165;101.1427002;738387.490;9818379.568;600.640;-600.640;2023;1;20;19;11;19.4799995;0.0029172;WCC
2738;-1.6406855;101.1411051;738210.101;9818526.978;1033.890;-1033.890;2023;1;20;19;11;38.4399986;0.0026355;WCC
2739;-1.6392033;101.1429281;738413.190;9818690.705;876.280;-876.280;2023;1;20;19;11;46.8600006;0.0031326;WCC
2740;-1.6405888;101.1422445;738336.936;9818537.538;685.830;-685.830;2023;1;20;19;12;2.0999999;0.0026472;WCC
2741;-1.6415953;101.1437500;738504.391;9818426.031;873.880;-873.880;2023;1;20;19;12;14.2799997;0.0023907;WCC
2742;-1.6450409;101.1390951;737985.856;9818045.474;715.190;-715.190;2023;1;20;19;12;27.8400002;0.0004619;WCC
2743;-1.6411148;101.1436117;738489.054;9818479.195;748.100;-748.100;2023;1;20;19;12;41.4599991;0.0027454;WCC
2744;-1.6391543;101.1416748;738273.694;9818696.274;1135.760;-1135.760;2023;1;20;19;12;45.1199989;0.0025802;WCC
2745;-1.6418513;101.1422852;738341.317;9818397.890;966.010;-966.010;2023;1;20;19;12;58.7200012;0.0023420;WCC
2746;-1.6425365;101.1436849;738497.033;9818321.934;909.460;-909.460;2023;1;20;19;13;8.7600002;0.0032265;WCC
2747;-1.6452605;101.1433512;738459.566;9818020.675;567.250;-567.250;2023;1;20;19;13;21.4400005;0.0028386;WCC
2748;-1.6388077;101.1409424;738192.213;9818734.698;1110.470;-1110.470;2023;1;20;19;13;50.4799995;0.0030730;WCC
2749;-1.6407532;101.1301270;736988.149;9818520.795;460.970;-460.970;2023;1;20;19;13;59.4000015;0.0066621;WCC
2750;-1.6399087;101.1355225;737588.807;9818613.563;830.720;-830.720;2023;1;20;19;14;14.2799997;0.0018108;WCC
2751;-1.6416670;101.1449707;738640.256;9818417.955;920.950;-920.950;2023;1;20;19;14;47.2400017;0.0030923;WCC
2752;-1.6419442;101.1468018;738844.039;9818387.075;765.400;-765.400;2023;1;20;19;14;50.7599983;0.0033459;WCC
2753;-1.6427144;101.1393229;738011.488;9818302.777;894.620;-894.620;2023;1;20;19;15;3.9600000;0.0035360;WCC
2754;-1.6416026;101.1440186;738534.287;9818425.191;723.190;-723.190;2023;1;20;19;15;37.7599983;0.0031989;WCC
2755;-1.6413096;101.1432129;738444.641;9818457.696;741.270;-741.270;2023;1;20;19;15;47.9199982;0.0032830;WCC
2756;-1.6409936;101.1426676;738383.983;9818492.713;783.930;-783.930;2023;1;20;19;16;4.3600001;0.0028511;WCC
2757;-1.6427025;101.1378906;737852.064;9818304.264;787.740;-787.740;2023;1;20;19;16;23.3799992;0.0029936;WCC
2758;-1.6377834;101.1461426;738771.158;9818847.375;899.360;-899.360;2023;1;20;19;16;33.0400009;0.0028249;WCC
2759;-1.6410047;101.1450358;738647.581;9818491.203;776.590;-776.590;2023;1;20;19;16;54.1199989;0.0032986;WCC
2760;-1.6414960;101.1488932;739076.882;9818436.400;727.230;-727.230;2023;1;20;19;17;18.6399994;0.0025469;WCC
2761;-1.6414991;101.1423340;738346.790;9818436.840;783.200;-783.200;2023;1;20;19;17;23.4400005;0.0027914;WCC
2762;-1.6418185;101.1427327;738391.131;9818401.465;744.000;-744.000;2023;1;20;19;17;53.4399986;0.0033128;WCC
2763;-1.6448373;101.1215413;736032.024;9818070.080;-134.850;134.850;2023;1;20;19;17;59.4799995;0.0011635;WCC
2764;-1.6371370;101.1492188;739113.642;9818918.506;963.660;-963.660;2023;1;20;19;18;19.4799995;0.0007026;WCC
2765;-1.6434129;101.1460856;738764.146;9818224.709;918.230;-918.230;2023;1;20;19;18;31.0799999;0.0039983;WCC
2766;-1.6441827;101.1383057;737898.092;9818140.492;697.600;-697.600;2023;1;20;19;18;38.9599991;0.0026846;WCC
2767;-1.6413896;101.1406820;738162.923;9818449.149;896.660;-896.660;2023;1;20;19;20;12.0799999;0.0023628;WCC
2768;-1.6423409;101.1368490;737736.169;9818344.384;726.980;-726.980;2023;1;20;19;20;39.7599983;0.0016551;WCC
2769;-1.6427255;101.1442708;738562.226;9818300.959;870.830;-870.830;2023;1;20;19;21;7.3400001;0.0026226;WCC
2770;-1.6424428;101.1394368;738024.198;9818332.805;900.370;-900.370;2023;1;20;19;21;18.7800007;0.0028060;WCC
2771;-1.6411386;101.1519613;739418.430;9818475.564;539.760;-539.760;2023;1;20;19;21;59.9199982;0.0029591;WCC
2772;-1.6426567;101.1448568;738627.460;9818308.499;1003.230;-1003.230;2023;1;20;19;22;12.1400003;0.0025721;WCC
2773;-1.6389772;101.1540609;739652.391;9818714.384;368.910;-368.910;2023;1;20;19;22;39.9599991;0.0004302;WCC
2774;-1.6433253;101.1396647;738049.460;9818235.165;1061.510;-1061.510;2023;1;20;19;22;45.2799988;0.0022058;WCC
2775;-1.6448733;101.1354248;737577.345;9818064.449;805.600;-805.600;2023;1;20;19;23;0.9600000;0.0018590;WCC
2776;-1.6461075;101.1428711;738406.027;9817927.047;455.970;-455.970;2023;1;20;19;23;6.8200002;0.0037908;WCC
2777;-1.6414530;101.1392741;738006.205;9818442.304;771.690;-771.690;2023;1;20;19;24;26.9599991;0.0028428;WCC
2778;-1.6446753;101.1275553;736701.439;9818087.285;501.010;-501.010;2023;1;20;19;24;30.9200001;0.0390857;Reloc
2779;-1.6460302;101.1290365;736866.147;9817937.247;676.390;-676.390;2023;1;20;19;24;45.2000008;0.0413028;Reloc
2780;-1.6483732;101.1377523;737835.997;9817677.054;429.420;-429.420;2023;1;20;19;24;52.1199989;0.0541098;Reloc
2782;-1.6396484;101.1518962;739411.361;9818640.402;630.640;-630.640;2023;1;20;19;25;16.0599995;0.0027254;WCC
2783;-1.6490952;101.1280680;736757.984;9817598.350;-249.800;249.800;2023;1;20;19;26;19.5200005;0.0608487;Reloc
2784;-1.6343641;101.1565023;739924.689;9819224.345;776.630;-776.630;2023;1;20;19;26;40.2000008;0.0636059;Reloc
2785;-1.6461159;101.1467041;738832.668;9817925.659;853.820;-853.820;2023;1;20;19;26;53.5600014;0.0026402;WCC
2786;-1.6413382;101.1442708;738562.390;9818454.406;652.080;-652.080;2023;1;20;19;28;3.1600001;0.0031711;WCC
2787;-1.6432236;101.1396647;738049.472;9818246.414;680.450;-680.450;2023;1;20;19;28;27.3400002;0.0028275;WCC
2788;-1.6413780;101.1437500;738504.417;9818450.066;836.500;-836.500;2023;1;20;19;28;29.2800007;0.0030603;WCC
2789;-1.6409027;101.1440186;738534.370;9818502.607;663.910;-663.910;2023;1;20;19;28;39.9199982;0.0028838;WCC
2790;-1.6457845;101.1430827;738429.618;9817962.749;765.320;-765.320;2023;1;20;19;29;12.6400003;0.0020535;WCC
2791;-1.6430780;101.1418376;738291.350;9818262.260;869.270;-869.270;2023;1;20;19;29;38.1599998;0.0032006;WCC
2792;-1.6418419;101.1442708;738562.331;9818398.693;794.420;-794.420;2023;1;20;19;30;28.6399994;0.0021943;WCC
2793;-1.6418341;101.1417074;738277.005;9818399.861;743.870;-743.870;2023;1;20;19;30;43.7999992;0.0028731;WCC
2794;-1.6451663;101.1334961;737362.633;9818032.271;534.480;-534.480;2023;1;20;19;30;58.5600014;0.0015331;WCC
2795;-1.6334115;101.1566243;739938.382;9819329.697;125.540;-125.540;2023;1;20;19;31;4.3600001;0.0706326;Reloc
2796;-1.6423969;101.1478434;738959.924;9818336.878;558.690;-558.690;2023;1;20;19;31;9.8400001;0.0024501;WCC
2797;-1.6419398;101.1430990;738431.889;9818388.004;903.310;-903.310;2023;1;20;19;31;49.6800003;0.0027962;WCC
2798;-1.6418688;101.1491130;739101.304;9818395.138;784.330;-784.330;2023;1;20;19;32;3.7800000;0.0031892;WCC
2799;-1.6420898;101.1442871;738564.116;9818371.271;774.100;-774.100;2023;1;20;19;32;9.0000000;0.0030019;WCC
2800;-1.6414333;101.1413900;738241.724;9818444.231;913.200;-913.200;2023;1;20;19;32;20.8799992;0.0030892;WCC
2801;-1.6425485;101.1402018;738109.336;9818321.022;758.560;-758.560;2023;1;20;19;32;52.8800011;0.0026491;WCC
2802;-1.6416401;101.1434733;738473.587;9818421.109;746.640;-746.640;2023;1;20;19;32;59.2799988;0.0031680;WCC
2803;-1.6426266;101.1417399;738280.529;9818312.200;937.560;-937.560;2023;1;20;19;33;9.7399998;0.0029110;WCC
2804;-1.6428251;101.1372314;737778.675;9818290.782;735.580;-735.580;2023;1;20;19;33;34.5400009;0.0022680;WCC
2805;-1.6420769;101.1497721;739174.642;9818372.042;841.490;-841.490;2023;1;20;19;33;47.9199982;0.0036050;WCC
2806;-1.6433133;101.1385824;737928.994;9818236.622;876.700;-876.700;2023;1;20;19;33;53.8800011;0.0022715;WCC
2807;-1.6405710;101.1475749;738930.255;9818538.871;700.510;-700.510;2023;1;20;19;34;15.7200003;0.0027830;WCC
2808;-1.6460911;101.1286296;736820.849;9817930.559;-469.650;469.650;2023;1;20;19;34;33.1399994;0.0360878;Reloc
2809;-1.6444352;101.1348470;737513.084;9818112.975;632.600;-632.600;2023;1;20;19;34;48.2000008;0.0016252;WCC
2810;-1.6413678;101.1430176;738422.896;9818451.282;636.370;-636.370;2023;1;20;19;34;58.1599998;0.0030628;WCC
2811;-1.6424828;101.1473145;738901.043;9818327.440;972.270;-972.270;2023;1;20;19;35;21.0400009;0.0029248;WCC
2812;-1.6413751;101.1419759;738306.946;9818450.599;924.750;-924.750;2023;1;20;19;35;48.2400017;0.0028597;WCC
2813;-1.6416466;101.1450358;738647.505;9818420.203;762.270;-762.270;2023;1;20;19;36;32.6399994;0.0032203;WCC
2814;-1.6436033;101.1447998;738621.003;9818203.803;873.970;-873.970;2023;1;20;19;36;50.8199997;0.0029904;WCC
2815;-1.6419486;101.1423991;738353.983;9818387.114;772.550;-772.550;2023;1;20;19;43;50.4399986;0.0033016;WCC
2816;-1.6422577;101.1432373;738447.245;9818352.825;894.340;-894.340;2023;1;20;19;43;54.9599991;0.0031058;WCC
2817;-1.6408337;101.1442383;738558.833;9818510.212;738.360;-738.360;2023;1;20;19;49;56.5600014;0.0030112;WCC
2818;-1.6424664;101.1447347;738613.892;9818329.562;878.980;-878.980;2023;1;20;19;53;30.7199993;0.0028965;WCC
2819;-1.6414520;101.1435059;738477.238;9818441.910;806.420;-806.420;2023;1;20;19;57;15.2799997;0.0021681;WCC
2820;-1.6419196;101.1432780;738451.815;9818390.217;617.330;-617.330;2023;1;20;19;57;23.7000008;0.0028247;WCC
2821;-1.6404704;101.1435303;738480.070;9818550.481;760.000;-760.000;2023;1;20;20;23;4.6599999;0.0025979;WCC
2822;-1.6412266;101.1406820;738162.942;9818467.178;810.850;-810.850;2023;1;21;1;56;37.2400017;0.0028989;WCC
2823;-1.6390172;101.1480876;738987.507;9818710.674;847.840;-847.840;2023;1;30;17;30;4.7600002;0.0024143;WCC
2824;-1.6417568;101.1394124;738021.563;9818408.685;801.190;-801.190;2023;1;30;17;30;40.7400017;0.0028575;WCC
2825;-1.6452020;101.1282227;736775.663;9818028.949;-53.000;53.000;2023;2;18;22;35;10.7399998;0.0013399;WCC
2826;-1.6384186;101.1438395;738514.729;9818777.391;839.060;-839.060;2023;2;18;22;38;25.9799995;0.0026290;WCC
2827;-1.6409776;101.1427246;738390.329;9818494.476;678.490;-678.490;2023;2;18;22;38;33.4799995;0.0028889;WCC
2828;-1.6448689;101.1305664;737036.572;9818065.514;193.700;-193.700;2023;2;18;22;39;5.5200000;0.0028255;WCC
2829;-1.6468421;101.1359701;737637.808;9817846.619;398.790;-398.790;2023;2;26;15;14;57.7700005;0.0032034;WCC
2830;-1.6464656;101.1326090;737263.739;9817888.663;13.390;-13.390;2023;2;27;22;34;12.0000000;0.0014587;WCC
2831;-1.6427792;101.1524658;739474.390;9818294.038;685.550;-685.550;2023;2;27;22;34;17.8799992;0.0017119;WCC
2832;-1.6471143;101.1367350;737722.914;9817816.420;249.090;-249.090;2023;2;27;22;34;39.3600006;0.0018406;WCC
2833;-1.6413083;101.1339844;737417.440;9818458.938;781.160;-781.160;2023;2;27;22;34;42.2400017;0.0015507;WCC
2834;-1.6404554;101.1395101;738032.592;9818552.619;763.730;-763.730;2023;3;8;4;53;44.1699982;0.0035248;WCC
2835;-1.6395392;101.1365479;737702.985;9818654.311;850.930;-850.930;2023;3;12;23;29;24.1599998;0.0019459;WCC
2836;-1.6408011;101.1366781;737717.328;9818514.719;921.020;-921.020;2023;3;19;14;58;26.7600002;0.0019411;WCC
2837;-1.6417248;101.1444499;738582.280;9818411.624;851.210;-851.210;2023;3;19;14;58;27.3299999;0.0027382;WCC
2838;-1.6384537;101.1434001;738465.816;9818773.561;920.950;-920.950;2023;3;19;14;58;41.3800011;0.0023762;WCC
2839;-1.6434943;101.1436198;738489.673;9818216.000;751.590;-751.590;2023;3;19;14;59;5.1100001;0.0023403;WCC
2840;-1.6412926;101.1427327;738391.193;9818459.634;881.800;-881.800;2023;3;19;15;0;56.3300018;0.0026334;WCC
2841;-1.6396339;101.1466553;738828.007;9818642.632;801.850;-801.850;2023;3;19;15;7;48.6300011;0.0031194;WCC
2842;-1.6416439;101.1433757;738462.723;9818420.700;755.900;-755.900;2023;3;19;15;8;6.1500001;0.0029655;WCC
2843;-1.6406083;101.1449951;738643.097;9818535.053;761.030;-761.030;2023;3;19;15;8;45.7799988;0.0030321;WCC
2844;-1.6415429;101.1450846;738652.949;9818431.668;674.680;-674.680;2023;3;19;15;10;1.9100000;0.0026664;WCC
2845;-1.6419734;101.1412272;738223.539;9818384.511;997.030;-997.030;2023;3;19;15;10;17.0100002;0.0022382;WCC
2846;-1.6413987;101.1341553;737436.452;9818448.919;912.400;-912.400;2023;3;19;15;10;42.4500008;0.0023398;WCC
2847;-1.6388391;101.1437907;738509.248;9818730.886;1382.660;-1382.660;2023;3;19;15;12;7.9000001;0.0605982;Reloc
2848;-1.6374379;101.1450684;738651.632;9818885.719;1047.420;-1047.420;2023;3;19;15;12;41.6699982;0.0036008;WCC
2849;-1.6400622;101.1454346;738692.082;9818595.404;948.190;-948.190;2023;3;19;15;13;3.0000000;0.0032302;WCC
2850;-1.6471227;101.1348796;737516.394;9817815.712;740.320;-740.320;2023;3;19;15;13;29.1800003;0.0565994;Reloc
2851;-1.6406796;101.1416097;738266.267;9818527.571;897.870;-897.870;2023;3;19;15;14;14.5400000;0.0019246;WCC
2852;-1.6444710;101.1292806;736893.501;9818109.678;106.470;-106.470;2023;3;19;15;14;23.7800007;0.0029501;WCC
2853;-1.6399812;101.1427002;738387.731;9818604.690;740.200;-740.200;2023;3;19;15;17;1.0400000;0.0025122;WCC
2854;-1.6410613;101.1414307;738246.298;9818485.373;750.220;-750.220;2023;3;19;15;17;15.4799995;0.0028585;WCC
2855;-1.6391871;101.1443197;738568.088;9818692.331;944.390;-944.390;2023;3;19;15;17;23.2600002;0.0028485;WCC
2856;-1.6431569;101.1408691;738183.539;9818253.648;757.590;-757.590;2023;3;19;15;17;27.5699997;0.0030791;WCC
2857;-1.6392114;101.1489909;739088.029;9818689.086;908.430;-908.430;2023;3;19;15;17;37.3300018;0.0028812;WCC
2858;-1.6407223;101.1421387;738325.144;9818522.785;872.660;-872.660;2023;3;30;10;37;55.4199982;0.0029633;WCC
2859;-1.6413502;101.1458496;738738.122;9818452.890;728.950;-728.950;2023;3;30;10;38;31.5000000;0.0032716;WCC
2860;-1.6440174;101.1359619;737637.230;9818159.055;891.290;-891.290;2023;3;30;10;38;50.8300018;0.0017762;WCC
2861;-1.6428148;101.1428792;738407.319;9818291.248;959.510;-959.510;2023;3;30;10;38;55.5999985;0.0025318;WCC
2862;-1.6413284;101.1427572;738393.916;9818455.671;664.990;-664.990;2023;3;30;10;39;42.1599998;0.0028146;WCC
2863;-1.6407609;101.1362874;737673.845;9818519.212;1230.520;-1230.520;2023;3;30;10;39;48.7299995;0.0032021;WCC
2864;-1.6416743;101.1425863;738374.853;9818417.432;820.980;-820.980;2023;3;30;10;40;7.7399998;0.0028884;WCC
2865;-1.6410945;101.1400553;738093.201;9818481.864;881.820;-881.820;2023;3;30;10;40;14.5100002;0.0036738;WCC
2866;-1.6386784;101.1361003;737653.265;9818749.575;870.530;-870.530;2023;3;30;10;40;28.9500008;0.0025572;WCC
2867;-1.6402883;101.1408529;738182.076;9818570.942;768.640;-768.640;2023;3;30;10;40;36.4500008;0.0026314;WCC
2868;-1.6389098;101.1437419;738503.808;9818723.072;742.050;-742.050;2023;3;30;10;40;42.5200005;0.0028350;WCC
2869;-1.6491044;101.1404541;738136.640;9817595.854;820.240;-820.240;2023;3;30;10;41;9.3100004;0.0379335;Reloc
2870;-1.6418803;101.1424072;738354.893;9818394.668;795.010;-795.010;2023;3;30;10;41;20.1399994;0.0026765;WCC
2871;-1.6458921;101.1383382;737901.507;9817951.414;847.970;-847.970;2023;3;30;10;41;29.8400002;0.0019915;WCC
2872;-1.6441165;101.1309489;737079.236;9818148.690;488.700;-488.700;2023;3;30;10;42;3.1800001;0.0019440;WCC
2873;-1.6418203;101.1443034;738565.962;9818401.078;737.450;-737.450;2023;3;30;10;42;11.6000004;0.0029342;WCC
2874;-1.6425640;101.1407633;738171.833;9818319.241;840.130;-840.130;2023;3;30;10;45;34.4500008;0.0023861;WCC
2875;-1.6397877;101.1376872;737829.768;9818626.689;897.470;-897.470;2023;3;30;10;49;11.3500004;0.0022716;WCC
2877;-1.6383073;101.1475179;738924.179;9818789.263;887.640;-887.640;2023;4;4;21;16;12.3800001;0.0027754;WCC
2878;-1.6387717;101.1358236;737622.456;9818739.289;1038.240;-1038.240;2023;4;4;21;17;38.9199982;0.0025383;WCC
2879;-1.6402879;101.1446370;738603.276;9818570.535;701.120;-701.120;2023;4;4;21;19;37.7599983;0.0023294;WCC
2880;-1.6396163;101.1503092;739234.718;9818644.143;932.490;-932.490;2023;4;4;21;20;7.8800001;0.0014257;WCC
2881;-1.6390204;101.1446289;738602.525;9818710.733;972.020;-972.020;2023;4;4;21;21;24.2000008;0.0028438;WCC
2882;-1.6400358;101.1468994;738855.129;9818598.149;561.810;-561.810;2023;4;4;21;21;38.0400009;0.0019312;WCC
2883;-1.6393172;101.1362630;737671.300;9818678.900;829.930;-829.930;2023;4;4;21;21;52.7999992;0.0026278;WCC
2884;-1.6445655;101.1415771;738262.178;9818097.761;554.410;-554.410;2023;4;4;21;21;54.9599991;0.0035944;WCC
2885;-1.6388741;101.1530029;739534.639;9818725.915;905.060;-905.060;2023;4;4;21;22;3.5999999;0.0045873;WCC
2886;-1.6437597;101.1410075;738198.873;9818186.957;851.900;-851.900;2023;4;7;6;28;12.2600002;0.0024402;WCC
2888;-1.6864198;101.1349040;737514.397;9813469.130;649.260;-649.260;2023;4;14;3;58;7.1500001;0.0808172;Reloc
2889;-1.6029692;101.1294352;736915.545;9822700.078;-65.630;65.630;2023;4;14;5;51;20.7199993;0.0119808;Reloc
2890;-1.6103480;101.1275146;736700.915;9821884.150;171.850;-171.850;2023;4;14;5;51;25.7900009;0.0146727;Reloc
2893;-1.6384872;101.1444743;738585.380;9818769.728;962.700;-962.700;2023;5;15;17;26;39.8400002;0.0028097;WCC
2894;-1.6379040;101.1486165;739046.510;9818833.741;936.340;-936.340;2023;5;15;17;32;30.3999996;0.0026053;WCC
2895;-1.6444649;101.1397380;738057.484;9818109.107;717.590;-717.590;2023;5;19;22;49;48.4399986;0.0031598;WCC
2896;-1.6419876;101.1449544;738638.404;9818382.495;815.950;-815.950;2023;5;19;22;54;48.9799995;0.0022412;WCC
2897;-1.6411415;101.1409505;738192.838;9818476.559;847.590;-847.590;2023;5;19;22;54;53.5200005;0.0024268;WCC
2898;-1.6030107;101.1047933;734172.698;9822698.325;6674.290;-6674.290;2023;5;25;3;57;54.7999992;0.0094967;Reloc
2899;-1.6043247;101.1114176;734909.882;9822552.229;5521.310;-5521.310;2023;5;25;3;58;41.2599983;0.0082921;Reloc
2901;-1.6416136;101.1343994;737463.596;9818425.121;720.140;-720.140;2023;5;27;15;42;8.6300001;0.0019234;WCC
2903;-1.6432858;101.1391276;737989.682;9818239.599;659.890;-659.890;2023;5;28;18;49;16.2399998;0.0028470;WCC
2904;-1.6909949;101.1298828;736954.960;9812963.701;1465.480;-1465.480;2023;6;2;17;52;26.6599998;0.0908462;Reloc
2905;-1.6472425;101.1241374;736320.703;9817803.739;-279.080;279.080;2023;6;6;1;40;43.9900017;0.0023499;WCC
2906;-1.6411544;101.1322835;737228.136;9818476.163;567.220;-567.220;2023;6;6;1;42;24.8099995;0.0017169;WCC
2907;-1.6396119;101.1359456;737635.936;9818646.341;787.340;-787.340;2023;6;6;1;48;22.3099995;0.0021184;WCC
2908;-1.6410720;101.1447835;738619.490;9818483.789;741.590;-741.590;2023;6;6;1;48;43.0999985;0.0033075;WCC
2909;-1.6428947;101.1480306;738980.702;9818281.794;612.630;-612.630;2023;6;6;1;51;12.5600004;0.0033197;WCC
2910;-1.6430224;101.1461914;738775.969;9818267.889;662.990;-662.990;2023;6;6;1;51;15.8500004;0.0029505;WCC
2911;-1.6427284;101.1415853;738263.308;9818300.959;862.310;-862.310;2023;6;6;1;51;30.2099991;0.0028034;WCC
2912;-1.6432568;101.1456055;738710.725;9818242.033;935.950;-935.950;2023;6;6;1;52;19.0499992;0.0033916;WCC
2913;-1.6427205;101.1435954;738487.049;9818301.592;892.630;-892.630;2023;6;6;1;52;40.2999992;0.0032070;WCC
2914;-1.6412449;101.1438151;738511.679;9818464.781;948.380;-948.380;2023;6;6;1;52;50.2700005;0.0029627;WCC
2915;-1.6427709;101.1449463;738637.409;9818295.856;773.370;-773.370;2023;6;6;1;53;27.9899998;0.0027042;WCC
2916;-1.6445278;101.1420329;738312.916;9818101.876;854.120;-854.120;2023;6;6;1;54;5.2199998;0.0033488;WCC
2917;-1.6431403;101.1451742;738662.732;9818254.970;829.450;-829.450;2023;6;6;1;54;28.8600006;0.0029294;WCC
2918;-1.6434036;101.1426758;738384.609;9818226.145;887.670;-887.670;2023;6;6;1;54;37.4799995;0.0024442;WCC
2919;-1.6436864;101.1511719;739330.260;9818193.848;731.490;-731.490;2023;6;6;1;54;44.1199989;0.0025876;WCC
2921;-1.6468089;101.1269938;736638.689;9817851.360;-327.400;327.400;2023;6;6;1;55;12.2500000;0.0011948;WCC
2922;-1.6410905;101.1408040;738176.538;9818482.218;902.760;-902.760;2023;6;6;1;55;25.7800007;0.0033439;WCC
2923;-1.6429373;101.1402344;738112.918;9818278.014;657.610;-657.610;2023;6;6;1;55;44.5699997;0.0025538;WCC
2924;-1.6401559;101.1455485;738704.749;9818585.027;831.220;-831.220;2023;6;6;1;55;52.5000000;0.0024572;WCC
2925;-1.6435365;101.1392904;738007.773;9818211.850;852.440;-852.440;2023;6;6;1;56;1.1000000;0.0023918;WCC
2926;-1.6432920;101.1431559;738438.062;9818238.432;936.950;-936.950;2023;6;6;1;56;8.2500000;0.0025709;WCC
2927;-1.6525172;101.1312744;737114.471;9817219.468;-1252.970;1252.970;2023;6;6;1;56;16.7500000;0.0720266;Reloc
2928;-1.6424582;101.1405273;738145.577;9818330.971;797.810;-797.810;2023;6;6;1;56;29.0300007;0.0030951;WCC
2929;-1.6483069;101.1286865;736826.921;9817685.468;-244.540;244.540;2023;6;6;1;56;36.7799988;0.0026854;WCC
2930;-1.6414352;101.1453532;738682.859;9818443.548;852.290;-852.290;2023;6;6;1;57;14.1999998;0.0030385;WCC
2931;-1.6423784;101.1440755;738540.529;9818339.374;777.380;-777.380;2023;6;6;1;57;25.5499992;0.0026824;WCC
2932;-1.6407714;101.1396810;738051.577;9818517.647;921.420;-921.420;2023;6;6;1;57;28.8999996;0.0030829;WCC
2933;-1.6419828;101.1440755;738540.576;9818383.131;671.250;-671.250;2023;6;6;1;57;37.6500015;0.0029761;WCC
2934;-1.6418360;101.1447021;738610.339;9818399.294;1014.480;-1014.480;2023;6;6;1;57;45.3199997;0.0029215;WCC
2935;-1.6392048;101.1474040;738911.394;9818690.005;862.760;-862.760;2023;6;6;1;58;3.4600000;0.0027892;WCC
2936;-1.6402278;101.1433268;738457.447;9818577.339;867.780;-867.780;2023;6;6;1;58;51.3300018;0.0021198;WCC
2937;-1.6440894;101.1442627;738561.162;9818150.100;712.200;-712.200;2023;6;6;1;59;4.8800001;0.0031672;WCC
2938;-1.6445409;101.1251058;736428.810;9818102.441;-304.690;304.690;2023;6;6;2;0;18.2600002;0.0143854;Reloc
2939;-1.6427583;101.1433838;738463.492;9818297.437;826.420;-826.420;2023;6;6;2;0;50.3100014;0.0028228;WCC
2940;-1.6426351;101.1432699;738450.829;9818311.077;798.100;-798.100;2023;6;6;2;1;17.1299992;0.0031529;WCC
2941;-1.6433297;101.1435791;738485.163;9818234.212;603.160;-603.160;2023;6;6;2;1;29.5699997;0.0030452;WCC
2942;-1.6418044;101.1431803;738440.954;9818402.971;725.370;-725.370;2023;6;6;2;1;36.9900017;0.0028761;WCC
2943;-1.6392487;101.1451823;738664.096;9818685.415;618.750;-618.750;2023;6;6;2;1;54.5099983;0.0025044;WCC
2944;-1.6402355;101.1434814;738474.655;9818576.469;898.030;-898.030;2023;6;6;2;2;19.4099998;0.0035733;WCC
2945;-1.6463952;101.1349528;737524.628;9817896.171;732.360;-732.360;2023;6;6;2;3;32.5099983;0.0590564;Reloc
2946;-1.6445936;101.1446696;738606.393;9818094.283;617.070;-617.070;2023;6;6;2;5;16.2600002;0.0027833;WCC
2947;-1.6333632;101.1533936;739578.781;9819335.425;726.380;-726.380;2023;6;6;2;11;56.5800018;0.0005624;WCC
2948;-1.6410320;101.1433350;738458.265;9818488.386;780.050;-780.050;2023;6;6;2;57;14.1400003;0.0028314;WCC
2949;-1.6409027;101.1436930;738498.128;9818502.645;758.020;-758.020;2023;6;6;2;57;29.3899994;0.0028187;WCC
2950;-1.6402958;101.1488444;739071.593;9818569.159;628.400;-628.400;2023;6;6;2;57;54.1199989;0.0027601;WCC
2951;-1.6401623;101.1381266;737878.633;9818585.203;728.610;-728.610;2023;6;6;2;58;2.1600001;0.0047346;WCC
2952;-1.6417577;101.1482096;739000.761;9818407.535;-4.950;4.950;2023;6;6;2;58;18.0499992;0.0005499;WCC
2953;-1.6459440;101.1352458;737557.294;9817946.042;309.680;-309.680;2023;6;6;2;58;41.3400002;0.0002650;WCC
2954;-1.6418082;101.1470459;738871.226;9818402.089;485.800;-485.800;2023;6;6;2;59;47.0200005;0.0026710;WCC
2955;-1.6386007;101.1524333;739471.270;9818756.223;1046.390;-1046.390;2023;6;6;22;40;15.7200003;0.0018199;WCC
2958;-1.6621792;101.1343424;737454.808;9816150.406;6549.350;-6549.350;2023;6;21;22;1;19.7999992;0.0092634;Reloc
2959;-1.6551626;101.1323812;737237.351;9816926.733;4895.200;-4895.200;2023;6;21;22;28;47.8199997;0.0095344;Reloc
2960;-1.6620865;101.1291585;736877.820;9816161.282;5598.210;-5598.210;2023;6;22;9;57;0.3900000;0.0105779;Reloc
2962;-1.6411040;101.1386475;737936.501;9818480.981;662.250;-662.250;2023;7;4;19;19;48.5000000;0.0028231;WCC
2966;-1.6947856;101.1312744;737109.390;9812544.249;2196.940;-2196.940;2023;7;8;12;21;33.5299988;0.1097296;Reloc
2967;-1.6457657;101.1261393;736543.701;9817966.847;283.820;-283.820;2023;7;14;23;38;10.1800003;0.0000106;WCC
2968;-1.6412711;101.1427165;738389.393;9818462.014;880.550;-880.550;2023;7;15;2;2;49.2999992;0.0030368;WCC
2969;-1.6411074;101.1404134;738133.059;9818480.395;834.310;-834.310;2023;7;15;2;5;39.8699989;0.0032488;WCC
2972;-1.6405688;101.1415853;738263.564;9818539.829;900.600;-900.600;2023;7;15;9;27;6.6399999;0.0020822;WCC
2973;-1.6412936;101.1432210;738445.545;9818459.465;757.370;-757.370;2023;7;15;9;29;55.1500015;0.0033403;WCC
2974;-1.6413415;101.1432210;738445.539;9818454.167;703.640;-703.640;2023;7;15;9;30;2.7900000;0.0032771;WCC
2975;-1.6416845;101.1421712;738328.647;9818416.353;733.980;-733.980;2023;7;15;9;30;27.4400005;0.0029325;WCC
2976;-1.6412882;101.1433594;738460.950;9818460.046;728.160;-728.160;2023;7;15;9;31;39.7299995;0.0023721;WCC
2977;-1.6336267;101.1224284;736132.078;9819309.948;209.100;-209.100;2023;7;17;15;4;33.3699989;0.0395848;Reloc
2978;-1.6407045;101.1434326;738469.167;9818524.599;801.480;-801.480;2023;7;19;2;5;31.2999992;0.0034124;WCC
2979;-1.6396954;101.1419434;738303.527;9818636.392;1116.060;-1116.060;2023;7;19;2;18;47.7000008;0.0032938;WCC
2980;-1.6422540;101.1459880;738753.420;9818352.906;815.820;-815.820;2023;7;19;2;21;5.5599999;0.0024168;WCC
2981;-1.6366629;101.1522054;739446.133;9818970.589;947.030;-947.030;2023;7;19;2;21;8.7900000;0.0705003;Reloc
2982;-1.6397306;101.1419189;738300.796;9818632.501;951.720;-951.720;2023;7;19;2;59;40.5400009;0.0030789;WCC
2983;-1.6419247;101.1439128;738522.473;9818389.577;797.600;-797.600;2023;7;19;3;0;3.8599999;0.0029248;WCC
2984;-1.6408529;101.1475993;738932.937;9818507.687;590.990;-590.990;2023;7;19;3;0;15.3299999;0.0031353;WCC
2985;-1.6418399;101.1434977;738476.279;9818399.006;689.150;-689.150;2023;7;19;3;0;25.7999992;0.0028196;WCC
2986;-1.6436859;101.1389648;737971.514;9818195.364;791.400;-791.400;2023;7;19;3;1;0.3000000;0.0024832;WCC
2987;-1.6453770;101.1436930;738497.597;9818007.749;545.500;-545.500;2023;7;19;3;1;12.7500000;0.0027203;WCC
2988;-1.6419281;101.1426025;738376.626;9818389.357;639.080;-639.080;2023;7;19;3;1;20.8799992;0.0031168;WCC
2989;-1.6416547;101.1372640;737782.442;9818420.234;912.190;-912.190;2023;7;19;3;1;31.0100002;0.0024728;WCC
2990;-1.6398931;101.1463623;738795.363;9818613.998;941.310;-941.310;2023;7;19;3;1;58.9099998;0.0028299;WCC
2991;-1.6419928;101.1414714;738250.718;9818382.336;969.600;-969.600;2023;7;19;3;2;24.1900005;0.0023011;WCC
2992;-1.6411789;101.1425944;738375.813;9818472.226;703.430;-703.430;2023;7;19;3;2;31.3600006;0.0021870;WCC
2994;-1.6462072;101.1413330;738234.813;9817916.204;406.880;-406.880;2023;7;19;3;3;5.1300001;0.0024686;WCC
2995;-1.6423016;101.1408285;738179.121;9818348.257;780.470;-780.470;2023;7;19;3;3;49.4199982;0.0021541;WCC
2996;-1.6414032;101.1443522;738571.443;9818447.207;862.160;-862.160;2023;7;19;3;4;25.7199993;0.0028865;WCC
2997;-1.6427887;101.1401042;738098.444;9818294.466;432.210;-432.210;2023;7;19;3;4;42.9900017;0.0024583;WCC
2998;-1.6399843;101.1395182;738033.549;9818604.726;1016.930;-1016.930;2023;7;19;3;4;47.2900009;0.0021213;WCC
2999;-1.6419595;101.1420247;738312.308;9818385.953;954.080;-954.080;2023;7;19;3;5;55.3499985;0.0028271;WCC
3000;-1.6395819;101.1452881;738675.832;9818648.547;808.510;-808.510;2023;7;19;3;6;34.2099991;0.0031903;WCC
3001;-1.6421638;101.1442057;738555.046;9818363.095;674.750;-674.750;2023;7;19;3;7;18.0200005;0.0036322;WCC
3002;-1.6436817;101.1428141;738399.970;9818195.369;712.450;-712.450;2023;7;19;3;7;20.1499996;0.0030244;WCC
3003;-1.6411978;101.1522868;739454.654;9818468.977;490.680;-490.680;2023;7;19;3;8;37.6899986;0.0023025;WCC
3004;-1.6430756;101.1438314;738513.276;9818262.287;782.770;-782.770;2023;7;19;3;10;29.8700008;0.0042932;WCC
3005;-1.6404353;101.1440267;738535.327;9818554.304;842.300;-842.300;2023;7;19;3;11;7.8899999;0.0033860;WCC
3006;-1.6365598;101.1474528;738917.140;9818982.560;1312.670;-1312.670;2023;7;19;3;12;10.6899996;0.0012519;WCC
3007;-1.6416490;101.1479167;738968.172;9818419.593;667.190;-667.190;2023;7;19;3;14;29.5900002;0.0031496;WCC
3008;-1.6417670;101.1457601;738728.111;9818406.799;428.980;-428.980;2023;7;19;3;14;38.3800011;0.0030680;WCC
3009;-1.6394833;101.1418376;738291.776;9818659.865;833.300;-833.300;2023;7;19;3;17;13.8999996;0.0029431;WCC
3010;-1.6410165;101.1452311;738669.318;9818489.875;815.880;-815.880;2023;7;19;3;22;8.3000002;0.0033162;WCC
3011;-1.6391020;101.1429118;738411.388;9818701.912;857.460;-857.460;2023;7;19;3;23;0.5300000;0.0038554;WCC
3012;-1.6411701;101.1433350;738458.248;9818473.111;743.700;-743.700;2023;7;19;3;23;19.3799992;0.0035277;WCC
3013;-1.6415660;101.1423258;738345.870;9818429.442;874.610;-874.610;2023;7;19;3;23;22.7600002;0.0031242;WCC
3014;-1.6373154;101.1390218;737978.612;9818899.988;1031.770;-1031.770;2023;7;19;3;23;38.4099998;0.0029546;WCC
3015;-1.6413657;101.1444661;738584.126;9818451.341;698.380;-698.380;2023;7;19;3;24;8.7600002;0.0033203;WCC
3016;-1.6399698;101.1415527;738260.007;9818606.087;952.010;-952.010;2023;7;19;3;24;11.8299999;0.0036080;WCC
3017;-1.6440172;101.1402913;738119.124;9818158.561;747.360;-747.360;2023;7;19;3;24;18.0699997;0.0033095;WCC
3018;-1.6415440;101.1430094;738421.962;9818431.794;638.750;-638.750;2023;7;19;3;26;25.9799995;0.0032060;WCC
3019;-1.6439710;101.1360189;737643.580;9818164.180;842.440;-842.440;2023;7;19;3;26;54.3899994;0.0026524;WCC
3020;-1.6384221;101.1496012;739156.054;9818776.317;843.770;-843.770;2023;7;19;3;28;6.3299999;0.0031751;WCC
3021;-1.6360238;101.1395833;738041.263;9819042.783;1132.280;-1132.280;2023;7;19;3;28;11.2799997;0.0062532;WCC
3022;-1.6407162;101.1485189;739035.312;9818522.698;625.570;-625.570;2023;7;19;3;29;4.2500000;0.0028039;WCC
3023;-1.6447342;101.1405762;738150.750;9818079.220;542.700;-542.700;2023;7;19;3;30;50.9900017;0.0029918;WCC
3024;-1.6476290;101.1415771;738261.814;9817758.911;515.550;-515.550;2023;7;19;3;37;19.5699997;0.0021827;WCC
3025;-1.6392279;101.1313232;737121.474;9818689.363;737.970;-737.970;2023;7;19;3;39;24.3299999;0.0016664;WCC
3026;-1.6442588;101.1471924;738887.241;9818131.013;692.450;-692.450;2023;7;19;3;48;22.0499992;0.0026598;WCC
3027;-1.6414045;101.1423096;738344.086;9818447.307;809.510;-809.510;2023;7;19;19;1;51.0999985;0.0030334;WCC
3028;-1.6418880;101.1414063;738243.484;9818393.935;759.850;-759.850;2023;7;20;1;15;46.2400017;0.0031926;WCC
3029;-1.6406251;101.1412028;738220.983;9818533.647;796.670;-796.670;2023;7;20;1;16;25.0699997;0.0029864;WCC
3030;-1.6394679;101.1444743;738585.263;9818661.254;978.910;-978.910;2023;7;20;1;18;27.2000008;0.0027275;WCC
3031;-1.6418835;101.1418945;738297.825;9818394.375;723.780;-723.780;2023;7;20;16;59;18.8099995;0.0037995;WCC
3032;-1.6396928;101.1433838;738463.855;9818636.508;868.750;-868.750;2023;7;21;6;50;53.0400009;0.0031718;WCC
3033;-1.6454231;101.1426595;738382.555;9818002.773;621.220;-621.220;2023;7;21;12;31;45.7400017;0.0035949;WCC
3034;-1.6449203;101.1433105;738455.076;9818058.309;583.940;-583.940;2023;7;23;3;56;19.4400005;0.0040468;WCC
3036;-1.5951392;101.0947021;733050.367;9823570.105;7227.440;-7227.440;2023;7;26;23;34;33.9799995;0.0094860;Reloc
3037;-1.6418854;101.1453369;738680.991;9818393.754;691.050;-691.050;2023;7;31;23;41;35.3400002;0.0033093;WCC
3038;-1.6139633;101.1032959;734004.778;9821487.075;5401.450;-5401.450;2023;8;10;22;25;12.1000004;0.0085470;Reloc
3042;-1.6421178;101.1398112;738065.910;9818368.708;928.840;-928.840;2023;8;25;22;0;2.9200001;0.0018884;WCC
3043;-1.6410328;101.1441650;738550.650;9818488.199;823.770;-823.770;2023;8;25;22;1;20.6399994;0.0029666;WCC
3044;-1.6493362;101.1360921;737651.091;9817570.736;559.050;-559.050;2023;8;25;22;1;29.4200001;0.0001744;WCC
3045;-1.6416503;101.1434408;738469.968;9818419.984;682.480;-682.480;2023;8;25;22;1;39.7200012;0.0028473;WCC
3046;-1.6396521;101.1340902;737429.412;9818642.115;810.940;-810.940;2023;8;25;22;2;23.9200001;0.0012159;WCC
3047;-1.6413649;101.1431234;738434.673;9818451.590;746.890;-746.890;2023;8;25;22;2;28.1599998;0.0028352;WCC
3048;-1.6412036;101.1525879;739488.168;9818468.300;393.670;-393.670;2023;8;25;22;2;42.2599983;0.0036927;WCC
3049;-1.6409205;101.1438721;738518.062;9818500.655;676.600;-676.600;2023;8;25;22;2;51.5200005;0.0028543;WCC
3050;-1.6416754;101.1441813;738552.388;9818417.120;815.150;-815.150;2023;8;25;22;2;58.4199982;0.0031200;WCC
3051;-1.6396915;101.1508708;739297.220;9818635.758;37.020;-37.020;2023;8;25;22;3;19.7600002;0.0685108;Reloc
3052;-1.6433963;101.1372396;737779.520;9818227.601;817.650;-817.650;2023;8;25;22;3;24.8400002;0.0021246;WCC
3054;-1.6437298;101.1402832;738118.256;9818190.351;802.640;-802.640;2023;8;25;22;3;32.4399986;0.0033116;WCC
3055;-1.6414563;101.1413737;738239.907;9818441.689;866.950;-866.950;2023;8;25;22;3;45.5000000;0.0026254;WCC
3056;-1.6472692;101.1242187;736329.749;9817800.777;69.070;-69.070;2023;8;25;22;4;22.0400009;0.0009556;WCC
3057;-1.6418046;101.1445557;738594.047;9818402.784;766.620;-766.620;2023;8;25;22;4;39.3199997;0.0029481;WCC
3058;-1.6426369;101.1442627;738561.335;9818310.760;799.050;-799.050;2023;8;25;22;4;42.7200012;0.0028033;WCC
3059;-1.6384453;101.1485921;739043.730;9818773.871;579.170;-579.170;2023;8;25;22;5;22.7199993;0.0024855;WCC
3060;-1.6396495;101.1564290;739915.902;9818639.737;269.540;-269.540;2023;8;25;22;5;45.7999992;0.0016562;WCC
3061;-1.6443091;101.1363118;737676.141;9818126.749;654.170;-654.170;2023;8;25;22;7;34.0800018;0.0022241;WCC
3062;-1.6427888;101.1416423;738269.646;9818294.271;649.650;-649.650;2023;8;25;22;9;17.3799992;0.0034016;WCC
3063;-1.6430470;101.1451986;738665.459;9818265.287;534.580;-534.580;2023;8;25;22;9;21.8799992;0.0032575;WCC
3064;-1.6400542;101.1448161;738623.239;9818596.363;1002.920;-1002.920;2023;8;25;22;9;33.5999985;0.0025050;WCC
3065;-1.6317337;101.1671631;741111.653;9819514.017;-232.470;232.470;2023;8;25;22;9;51.0200005;0.0091976;Reloc
3066;-1.6399473;101.1463786;738797.171;9818608.001;697.920;-697.920;2023;8;25;22;11;54.9599991;0.0022952;WCC
3067;-1.6404271;101.1518311;739404.023;9818554.278;605.520;-605.520;2023;8;25;22;12;15.1999998;0.0022178;WCC
3068;-1.6367776;101.1541585;739663.516;9818957.669;406.430;-406.430;2023;8;25;22;14;11.6999998;0.0013195;WCC
3069;-1.6387482;101.1475260;738925.028;9818740.495;496.230;-496.230;2023;8;28;21;39;39.1599998;0.0024008;WCC
3070;-1.6443484;101.1331217;737321.056;9818122.782;540.330;-540.330;2023;8;28;22;8;57.2000008;0.0020627;WCC
3071;-1.6417683;101.1393311;738012.513;9818407.423;773.160;-773.160;2023;8;29;14;22;51.0400009;0.0033794;WCC
3072;-1.6411549;101.1387777;737950.988;9818475.336;939.440;-939.440;2023;8;29;18;13;50.7000008;0.0023776;WCC
3074;-1.6425737;101.1362630;737670.915;9818318.704;636.670;-636.670;2023;8;30;1;31;17.6800003;0.0024091;WCC
3075;-1.6414579;101.1280518;736757.082;9818443.095;-16.040;16.040;2023;8;30;5;46;14.5000000;0.0576847;Reloc
3076;-1.6394891;101.1476237;738935.815;9818658.533;600.340;-600.340;2023;8;30;5;46;27.1299992;0.0022455;WCC
3077;-1.6423926;101.1467773;738841.259;9818337.481;410.900;-410.900;2023;8;30;5;47;3.7700000;0.0022438;WCC
3078;-1.6418120;101.1440348;738536.066;9818402.028;904.460;-904.460;2023;8;30;5;47;5.5100002;0.0033855;WCC
3079;-1.6427113;101.1265299;736587.537;9818304.640;151.880;-151.880;2023;8;30;5;47;14.0500002;0.0000368;WCC
3080;-1.6377138;101.1538574;739629.890;9818854.152;695.510;-695.510;2023;8;30;5;47;22.7199993;0.0007955;WCC
3081;-1.6392740;101.1483643;739018.275;9818682.236;596.070;-596.070;2023;8;30;5;47;28.4899998;0.0024177;WCC
3083;-1.6409776;101.1279704;736748.079;9818496.230;-655.420;655.420;2023;8;30;5;47;51.2700005;0.0182112;Reloc
3084;-1.6434261;101.1429118;738410.875;9818223.629;724.330;-724.330;2023;8;30;5;50;21.9300003;0.0023304;WCC
3085;-1.6415492;101.1410156;738200.036;9818431.456;693.230;-693.230;2023;8;30;5;50;28.2800007;0.0026223;WCC
3086;-1.6426706;101.1491048;739100.296;9818306.453;953.470;-953.470;2023;8;30;14;17;58.7000008;0.0016033;WCC
3087;-1.6452421;101.1392741;738005.756;9818023.198;466.900;-466.900;2023;8;30;14;22;58.1199989;0.0693483;Reloc
3088;-1.6417545;101.1418701;738295.124;9818408.646;724.990;-724.990;2023;8;30;14;35;52.6699982;0.0029759;WCC
3089;-1.7082069;101.1747152;741942.919;9811054.328;7716.960;-7716.960;2023;9;11;2;12;34.7900009;0.0098583;Reloc
3090;-1.7084164;101.1942220;744114.139;9811028.686;-1800.770;1800.770;2023;9;11;2;17;42.9599991;0.0691226;Reloc
3092;-1.7081930;101.1799886;742529.885;9811055.201;7488.010;-7488.010;2023;9;11;2;35;19.2500000;0.0098583;Reloc
3093;-1.7083817;101.2080729;745655.864;9811030.758;-1114.550;1114.550;2023;9;11;2;46;58.2900009;0.0691226;Reloc
3094;-1.6433014;101.1375081;737809.418;9818238.066;607.530;-607.530;2023;9;13;15;18;58.2000008;0.0021320;WCC
3095;-1.6392611;101.1490723;739097.083;9818683.579;461.070;-461.070;2023;9;14;16;1;7.1300001;0.0024450;WCC
3096;-1.6382468;101.1480794;738986.686;9818795.888;633.120;-633.120;2023;9;14;16;1;16.6000004;0.0028449;WCC
3097;-1.6416143;101.1354085;737575.916;9818424.923;781.210;-781.210;2023;9;14;16;1;24.8500004;0.0019647;WCC
3098;-1.6407046;101.1374349;737801.577;9818525.302;521.380;-521.380;2023;9;14;16;3;59.2900009;0.0020481;WCC
3099;-1.6382777;101.1482992;739011.147;9818792.444;636.680;-636.680;2023;9;14;16;4;8.2200003;0.0027486;WCC
3100;-1.6397470;101.1481608;738995.568;9818629.943;1032.570;-1032.570;2023;9;14;16;7;36.6599998;0.0063895;WCC
3101;-1.6395938;101.1428385;738403.171;9818647.523;609.110;-609.110;2023;9;14;16;7;43.1300011;0.0029043;WCC
3102;-1.6446014;101.1269043;736628.988;9818095.536;-21.050;21.050;2023;9;14;16;10;57.3600006;0.0001857;WCC
3103;-1.6421254;101.1325602;737258.820;9818368.730;837.870;-837.870;2023;9;14;16;11;12.2900000;0.0624153;Reloc
3104;-1.6399247;101.1457031;738721.985;9818610.581;635.190;-635.190;2023;9;14;16;11;18.0699997;0.0023802;WCC
3105;-1.6420247;101.1429036;738410.129;9818378.637;844.240;-844.240;2023;9;14;16;23;25.3700008;0.0028637;WCC
3106;-1.6416566;101.1420003;738309.628;9818419.459;739.170;-739.170;2023;9;14;16;23;33.9099998;0.0037300;WCC
3107;-1.6412800;101.1407389;738169.269;9818461.265;914.800;-914.800;2023;9;14;16;23;52.7400017;0.0032442;WCC
3108;-1.6404733;101.1412109;738221.902;9818550.437;751.380;-751.380;2023;9;14;16;23;59.1300011;0.0027616;WCC
3109;-1.6419783;101.1401042;738098.540;9818384.103;570.160;-570.160;2023;9;14;16;24;4.7900000;0.0025373;WCC
3110;-1.6419118;101.1418783;738296.018;9818391.247;696.750;-696.750;2023;9;14;16;24;13.5400000;0.0029552;WCC
3111;-1.6419470;101.1432292;738446.380;9818387.192;689.860;-689.860;2023;9;14;16;24;25.4300003;0.0031984;WCC
3112;-1.6401323;101.1464193;738801.679;9818587.533;822.900;-822.900;2023;9;14;16;24;54.7700005;0.0026377;WCC
3113;-1.6427953;101.1396159;738044.091;9818293.794;826.130;-826.130;2023;9;14;16;24;59.3699989;0.0028417;WCC
3114;-1.6410262;101.1452148;738667.502;9818488.804;714.670;-714.670;2023;9;14;16;25;6.5100002;0.0033576;WCC
3115;-1.6405051;101.1461833;738775.366;9818546.326;707.620;-707.620;2023;9;14;16;25;25.7700005;0.0027462;WCC
3116;-1.6406400;101.1508708;739297.108;9818530.845;452.730;-452.730;2023;9;14;16;25;28.4899998;0.0018459;WCC
3117;-1.6491314;101.1269613;736634.797;9817594.477;-738.380;738.380;2023;9;14;16;25;34.3499985;0.0017170;WCC
3118;-1.6464993;101.1361491;737657.772;9817884.514;-270.620;270.620;2023;9;14;16;25;42.7500000;0.0563844;Reloc
3119;-1.6401278;101.1375651;737816.137;9818589.086;705.800;-705.800;2023;9;14;16;25;48.1399994;0.0025321;WCC
3120;-1.6421052;101.1380941;737874.785;9818370.306;514.710;-514.710;2023;9;14;16;25;56.8699989;0.0024087;WCC
3121;-1.6408216;101.1436279;738490.892;9818511.624;804.200;-804.200;2023;9;14;16;26;2.7600000;0.0029398;WCC
3122;-1.6413868;101.1430176;738422.894;9818449.180;807.870;-807.870;2023;9;14;16;26;23.6499996;0.0030006;WCC
3123;-1.6404826;101.1433431;738459.232;9818549.154;941.950;-941.950;2023;9;14;16;26;34.9199982;0.0021395;WCC
3124;-1.6409035;101.1458577;738739.077;9818502.299;822.640;-822.640;2023;9;14;16;26;48.4900017;0.0028980;WCC
3125;-1.6442356;101.1382813;737895.370;9818134.644;545.820;-545.820;2023;9;14;16;27;6.1799998;0.0023350;WCC
3126;-1.6420558;101.1471924;738887.503;9818374.684;579.680;-579.680;2023;9;14;16;27;14.2700005;0.0030029;WCC
3127;-1.6409125;101.1440267;738535.271;9818501.522;663.220;-663.220;2023;9;14;16;27;17.7299995;0.0032014;WCC
3128;-1.6387932;101.1457275;738724.835;9818735.732;660.140;-660.140;2023;9;14;16;27;23.0100002;0.0024514;WCC
3129;-1.6365538;101.1493245;739125.476;9818983.001;621.910;-621.910;2023;9;14;16;27;30.1599998;0.0027004;WCC
3130;-1.6396825;101.1378255;737845.175;9818638.309;1030.230;-1030.230;2023;9;14;16;27;36.0299988;0.0022054;WCC
3131;-1.6392064;101.1476400;738937.663;9818689.800;711.260;-711.260;2023;9;14;16;28;5.1700001;0.0030539;WCC
3132;-1.6421148;101.1449056;738632.957;9818368.432;641.290;-641.290;2023;9;14;16;28;10.9799995;0.0031044;WCC
3133;-1.6411409;101.1380859;737873.987;9818476.967;734.210;-734.210;2023;9;14;16;28;18.7500000;0.0027309;WCC
3134;-1.6396423;101.1508382;739293.598;9818641.203;196.330;-196.330;2023;9;14;16;28;28.1599998;0.0731662;Reloc
3135;-1.6430209;101.1461100;738766.908;9818268.065;579.520;-579.520;2023;9;14;16;28;40.4599991;0.0031792;WCC
3136;-1.6444875;101.1350749;737538.444;9818107.163;426.320;-426.320;2023;9;14;16;28;47.2799988;0.0015259;WCC
3137;-1.6418231;101.1411540;738215.409;9818401.144;799.740;-799.740;2023;9;14;16;28;51.5699997;0.0038119;WCC
3138;-1.6445330;101.1315511;737146.216;9818102.550;308.220;-308.220;2023;9;14;16;29;41.0999985;0.0015055;WCC
3139;-1.6398184;101.1311930;737106.913;9818624.064;330.440;-330.440;2023;9;14;16;29;46.3600006;0.0013880;WCC
3140;-1.6408291;101.1419922;738308.825;9818510.989;833.550;-833.550;2023;9;14;16;29;52.2599983;0.0027606;WCC
3141;-1.6421359;101.1437337;738502.512;9818366.238;773.330;-773.330;2023;9;14;16;32;8.3900003;0.0031748;WCC
3142;-1.6428818;101.1445882;738597.536;9818283.633;588.800;-588.800;2023;9;14;16;32;17.7299995;0.0029919;WCC
3143;-1.6382877;101.1553141;739791.965;9818790.499;501.640;-501.640;2023;9;14;16;32;30.6700001;0.0027136;WCC
3144;-1.6417141;101.1430583;738427.385;9818412.973;787.230;-787.230;2023;9;14;16;32;37.0999985;0.0031952;WCC
3145;-1.6426483;101.1383545;737903.706;9818310.204;916.640;-916.640;2023;9;14;16;32;59.0600014;0.0023562;WCC
3146;-1.6393148;101.1485596;739040.009;9818677.700;916.890;-916.890;2023;9;14;16;34;10.9700003;0.0025196;WCC
3147;-1.6356412;101.1619466;740530.539;9819082.433;112.010;-112.010;2023;9;14;16;34;40.4099998;0.0034236;WCC
3148;-1.6414279;101.1493896;739132.144;9818443.873;666.510;-666.510;2023;9;14;16;34;47.5699997;0.0027503;WCC
3149;-1.6401196;101.1518717;739408.578;9818588.286;634.770;-634.770;2023;9;14;16;34;58.7799988;0.0037447;WCC
3150;-1.6462749;101.1275472;736700.349;9817910.358;40.310;-40.310;2023;9;14;16;36;23.3400002;0.0001138;WCC
3151;-1.6438065;101.1306315;737043.944;9818183.016;399.510;-399.510;2023;9;14;16;38;46.2599983;0.0007991;WCC
3152;-1.6377613;101.1505371;739260.306;9818849.295;914.380;-914.380;2023;9;14;16;39;22.1399994;0.0016577;WCC
3153;-1.6403028;101.1451660;738662.156;9818568.824;736.450;-736.450;2023;9;14;16;40;10.6000004;0.0020088;WCC
3154;-1.6396024;101.1339355;737412.198;9818647.631;735.020;-735.020;2023;9;14;16;40;29.7199993;0.0017149;WCC
3155;-1.6424936;101.1435872;738486.163;9818326.691;758.420;-758.420;2023;9;14;16;42;57.4700012;0.0028717;WCC
3156;-1.6420319;101.1439779;738529.706;9818377.712;675.010;-675.010;2023;9;14;16;43;40.4300003;0.0030046;WCC
3157;-1.6417655;101.1405029;738142.943;9818407.593;820.030;-820.030;2023;9;14;16;48;22.3400002;0.0026526;WCC
3158;-1.6403227;101.1355225;737588.758;9818567.771;856.040;-856.040;2023;9;14;16;48;45.4700012;0.0024266;WCC
3160;-1.6415526;101.1481689;738996.255;9818430.226;730.760;-730.760;2023;9;14;16;56;2.0799999;0.0024520;WCC
3161;-1.6422928;101.1433838;738463.547;9818348.925;800.360;-800.360;2023;9;14;17;0;13.8599997;0.0029952;WCC
3162;-1.6396058;101.1523844;739465.707;9818645.056;158.540;-158.540;2023;9;14;17;16;3.2800000;0.0001541;WCC
3163;-1.6413727;101.1431071;738432.857;9818450.729;792.500;-792.500;2023;9;14;17;16;12.6000004;0.0025880;WCC
3164;-1.6428335;101.1356689;737604.757;9818290.039;738.330;-738.330;2023;9;14;17;16;20.6000004;0.0016268;WCC
3165;-1.6414560;101.1397705;738061.458;9818441.913;875.900;-875.900;2023;9;14;17;22;43.4199982;0.0030639;WCC
3166;-1.6405950;101.1406901;738163.919;9818537.038;902.070;-902.070;2023;9;14;17;23;1.7000001;0.0037402;WCC
3167;-1.6429120;101.1432129;738444.451;9818280.457;738.860;-738.860;2023;9;14;17;23;3.4400001;0.0030430;WCC
3168;-1.6406311;101.1391683;737994.526;9818533.226;889.000;-889.000;2023;9;14;17;23;38.4599991;0.0031719;WCC
3169;-1.6415960;101.1362142;737665.599;9818426.851;725.800;-725.800;2023;9;14;17;24;47.5200005;0.0025259;WCC
3170;-1.6426673;101.1359049;737631.045;9818308.394;453.870;-453.870;2023;9;14;18;6;58.7000008;0.0028897;WCC
3172;-1.6408817;101.1425618;738372.219;9818505.103;732.070;-732.070;2023;9;15;17;48;41.8400002;0.0033144;WCC
3173;-1.6369977;101.1461019;738766.721;9818934.286;973.070;-973.070;2023;9;15;17;50;48.4000015;0.0024990;WCC
3174;-1.6383958;101.1508708;739297.374;9818779.074;694.670;-694.670;2023;9;15;17;51;9.4399996;0.0027554;WCC
3175;-1.6412704;101.1436198;738489.937;9818461.983;715.830;-715.830;2023;9;18;5;36;41.9799995;0.0031317;WCC
3176;-1.6398268;101.1420898;738319.807;9818621.840;773.000;-773.000;2023;9;18;16;33;14.2299995;0.0028589;WCC
3177;-1.6381555;101.1491536;739106.264;9818805.859;893.970;-893.970;2023;9;19;22;37;53.8800011;0.0022683;WCC
3178;-1.6397307;101.1420410;738314.387;9818632.476;866.260;-866.260;2023;9;20;20;41;28.6800003;0.0028060;WCC
3179;-1.6393314;101.1425944;738376.032;9818676.576;850.900;-850.900;2023;9;21;3;26;18.6299992;0.0031548;WCC
3180;-1.6383549;101.1430013;738421.438;9818784.537;849.220;-849.220;2023;9;21;3;26;48.4099998;0.0032896;WCC
3181;-1.6383172;101.1439860;738531.048;9818788.589;903.230;-903.230;2023;9;21;3;26;59.6399994;0.0037962;WCC
3182;-1.6443609;101.1340088;737419.795;9818121.293;172.040;-172.040;2023;9;21;3;27;59.8300018;0.0002403;WCC
3183;-1.6413635;101.1441976;738554.240;9818451.617;527.160;-527.160;2023;9;21;3;28;2.7600000;0.0036524;WCC
3184;-1.6407300;101.1453044;738677.511;9818521.555;741.410;-741.410;2023;9;21;3;28;44.7500000;0.0033107;WCC
3186;-1.6408586;101.1425781;738374.036;9818507.656;1020.120;-1020.120;2023;9;21;3;43;8.4499998;0.0035715;WCC
3187;-1.6403156;101.1427409;738392.222;9818567.697;824.530;-824.530;2023;9;21;3;43;36.9700012;0.0038483;WCC
3188;-1.6420013;101.1392660;738005.239;9818381.659;1071.810;-1071.810;2023;9;21;3;44;35.2099991;0.0023830;WCC
3189;-1.6395008;101.1388102;737954.801;9818658.289;874.870;-874.870;2023;9;21;3;45;0.4400000;0.0025595;WCC
3190;-1.6412375;101.1424398;738358.598;9818465.763;661.280;-661.280;2023;9;21;3;46;23.8099995;0.0032741;WCC
3191;-1.6411897;101.1454997;738699.195;9818470.685;674.550;-674.550;2023;9;21;3;47;35.9599991;0.0036774;WCC
3192;-1.6380428;101.1487712;739063.713;9818818.370;747.170;-747.170;2023;9;21;3;47;45.5200005;0.0025137;WCC
3193;-1.6403703;101.1443604;738572.478;9818561.454;714.060;-714.060;2023;9;21;3;50;10.3400001;0.0026284;WCC
3194;-1.6377841;101.1444987;738588.179;9818847.494;956.620;-956.620;2023;9;21;3;51;53.7700005;0.0023160;WCC
3195;-1.6422979;101.1411458;738214.440;9818348.628;793.300;-793.300;2023;9;21;3;54;41.1599998;0.0032199;WCC
3196;-1.6370789;101.1503988;739244.993;9818924.792;731.470;-731.470;2023;9;21;3;54;56.2299995;0.0025998;WCC
3197;-1.6393121;101.1444173;738578.937;9818678.493;903.050;-903.050;2023;9;21;3;55;2.2200000;0.0024657;WCC
3198;-1.6366704;101.1502767;739231.451;9818969.990;756.780;-756.780;2023;9;21;3;57;10.9600000;0.0022914;WCC
3200;-1.6407116;101.1675212;741150.440;9818520.924;-130.640;130.640;2023;9;21;18;0;24.6399994;0.0168667;Reloc
3202;-1.6441188;101.1400146;738088.313;9818147.356;763.330;-763.330;2023;9;21;18;2;53.2799988;0.0020166;WCC
3203;-1.6407018;101.1449382;738636.753;9818524.718;611.670;-611.670;2023;9;21;18;3;1.9200000;0.0026514;WCC
3204;-1.6423496;101.1462565;738783.295;9818342.299;629.210;-629.210;2023;9;21;18;3;6.8400001;0.0028547;WCC
3206;-1.6403940;101.1477702;738952.014;9818558.425;844.490;-844.490;2023;9;21;18;3;58.4399986;0.0024752;WCC
3207;-1.6378270;101.1581787;740110.876;9818841.114;101.380;-101.380;2023;9;21;18;4;4.8400001;0.0025505;WCC
3208;-1.6407548;101.1440674;738539.820;9818518.960;676.420;-676.420;2023;9;21;18;4;8.7200003;0.0029448;WCC
3209;-1.6402648;101.1503337;739237.368;9818572.410;689.260;-689.260;2023;9;21;18;5;31.9200001;0.0030939;WCC
3210;-1.6426385;101.1428955;738409.155;9818310.746;655.210;-655.210;2023;9;21;18;5;48.3600006;0.0028219;WCC
3211;-1.6485751;101.1251953;736438.296;9817656.218;-17.270;17.270;2023;9;21;18;6;39.4199982;0.0009705;WCC
3212;-1.6417113;101.1428467;738403.833;9818413.308;956.720;-956.720;2023;9;21;18;40;21.5599995;0.0031531;WCC
3213;-1.6425814;101.1413981;738242.489;9818317.240;735.110;-735.110;2023;9;28;7;5;1.8400000;0.0026021;WCC
3214;-1.6386216;101.1462484;738782.836;9818754.650;865.290;-865.290;2023;9;28;7;39;3.8099999;0.0026383;WCC
3215;-1.6427565;101.1431641;738439.038;9818297.662;713.950;-713.950;2023;9;28;7;40;2.5100000;0.0030456;WCC
3216;-1.6407791;101.1470459;738871.348;9818515.916;585.380;-585.380;2023;9;28;7;55;56.9799995;0.0030901;WCC
3217;-1.6418925;101.1425374;738369.384;9818393.303;742.680;-742.680;2023;9;28;7;56;5.4899998;0.0030503;WCC
3218;-1.6419751;101.1441895;738553.266;9818383.969;718.780;-718.780;2023;9;28;7;56;11.4899998;0.0029678;WCC
3219;-1.6391260;101.1422607;738338.913;9818699.335;1046.380;-1046.380;2023;9;28;7;57;46.2200012;0.0026226;WCC
3220;-1.6420077;101.1436442;738492.566;9818380.429;632.560;-632.560;2023;9;28;7;59;35.9300003;0.0028423;WCC
3221;-1.6421621;101.1388184;737955.399;9818363.926;550.790;-550.790;2023;9;28;8;1;35.7700005;0.0033231;WCC
3222;-1.6398408;101.1473226;738902.258;9818619.668;626.610;-626.610;2023;9;28;8;2;3.4000001;0.0029410;WCC
3223;-1.6414138;101.1432048;738443.727;9818446.172;770.430;-770.430;2023;9;28;8;2;40.3100014;0.0027550;WCC
3224;-1.6408630;101.1467855;738842.353;9818506.667;588.260;-588.260;2023;9;28;8;7;49.7500000;0.0028453;WCC
3225;-1.6410108;101.1439616;738528.013;9818490.657;764.260;-764.260;2023;9;28;8;13;6.8499999;0.0030055;WCC
3226;-1.6397330;101.1463379;738792.666;9818631.709;728.180;-728.180;2023;9;28;8;15;50.8699989;0.0025695;WCC
3227;-1.6400412;101.1457845;738731.031;9818597.685;626.320;-626.320;2023;9;28;8;15;58.2299995;0.0032507;WCC
3228;-1.6441958;101.1444010;738576.544;9818138.315;694.480;-694.480;2023;9;28;8;17;0.4600000;0.0030036;WCC
3229;-1.6409968;101.1436523;738493.587;9818492.242;708.240;-708.240;2023;9;28;8;17;24.3099995;0.0026070;WCC
3230;-1.6401703;101.1448975;738632.286;9818583.512;814.700;-814.700;2023;9;28;8;19;49.2999992;0.0026504;WCC
3231;-1.6421439;101.1395345;738035.108;9818365.854;733.300;-733.300;2023;9;28;8;20;55.5299988;0.0028308;WCC
3232;-1.6408964;101.1441569;738549.765;9818503.287;786.250;-786.250;2023;9;28;8;26;42.8899994;0.0029325;WCC
3233;-1.6422526;101.1449707;738640.186;9818353.182;724.260;-724.260;2023;9;28;8;26;46.8300018;0.0030732;WCC
3234;-1.6420434;101.1438883;738519.732;9818376.451;796.870;-796.870;2023;9;28;8;27;2.0799999;0.0030047;WCC
3235;-1.6418156;101.1428548;738404.722;9818401.771;632.380;-632.380;2023;9;28;8;29;31.0599995;0.0030371;WCC
3236;-1.6410128;101.1404134;738133.070;9818490.858;769.160;-769.160;2023;9;28;8;33;52.3899994;0.0027172;WCC
3237;-1.6417033;101.1427816;738396.587;9818414.201;731.800;-731.800;2023;9;28;8;34;52.7099991;0.0031681;WCC
3238;-1.6414710;101.1438477;738515.280;9818439.768;797.990;-797.990;2023;9;28;8;35;23.6599998;0.0028240;WCC
3239;-1.6401461;101.1451253;738657.645;9818586.161;671.940;-671.940;2023;9;28;8;35;37.0800018;0.0027998;WCC
3240;-1.6419638;101.1413411;738236.218;9818385.559;788.720;-788.720;2023;9;28;8;36;6.2500000;0.0027065;WCC
3241;-1.6411121;101.1431396;738436.506;9818479.550;712.740;-712.740;2023;9;28;8;36;9.2700005;0.0031009;WCC
3242;-1.6430433;101.1456543;738716.183;9818265.642;732.590;-732.590;2023;9;28;8;36;18.6399994;0.0032131;WCC
3243;-1.6418280;101.1394694;738027.899;9818400.803;883.230;-883.230;2023;9;28;8;36;33.6800003;0.0025317;WCC
3244;-1.6418120;101.1430257;738423.745;9818402.148;735.930;-735.930;2023;9;28;8;36;39.8800011;0.0031053;WCC
3245;-1.6434844;101.1439535;738526.818;9818217.056;528.510;-528.510;2023;9;28;8;37;37.7500000;0.0021759;WCC
3246;-1.6417241;101.1432048;738443.691;9818411.850;797.120;-797.120;2023;9;28;8;37;40.7500000;0.0032940;WCC
3247;-1.6413596;101.1437012;738498.987;9818452.107;848.490;-848.490;2023;9;28;8;38;9.6800003;0.0030640;WCC
3248;-1.6414183;101.1435303;738479.957;9818445.635;734.530;-734.530;2023;9;28;8;39;3.3299999;0.0032677;WCC
3249;-1.6422204;101.1437826;738507.945;9818356.886;788.980;-788.980;2023;9;28;8;39;16.2399998;0.0029311;WCC
3250;-1.6432045;101.1389974;737975.199;9818248.607;747.470;-747.470;2023;9;28;8;39;29.6800003;0.0031188;WCC
3251;-1.6419726;101.1427979;738398.370;9818384.412;844.660;-844.660;2023;9;28;8;40;15.9200001;0.0031706;WCC
3252;-1.6413588;101.1439453;738526.157;9818452.167;752.110;-752.110;2023;9;28;8;40;38.4900017;0.0030177;WCC
3253;-1.6423443;101.1431966;738442.704;9818343.251;739.370;-739.370;2023;9;28;8;40;41.3800011;0.0028898;WCC
3254;-1.6420603;101.1447591;738616.656;9818374.477;839.380;-839.380;2023;9;28;8;41;2.1199999;0.0033695;WCC
3255;-1.6419608;101.1464437;738804.178;9818385.282;634.680;-634.680;2023;9;28;8;41;20.8899994;0.0025192;WCC
3256;-1.6420396;101.1425700;738372.995;9818377.028;778.290;-778.290;2023;9;28;8;41;55.0400009;0.0033137;WCC
3257;-1.6414270;101.1478597;738961.854;9818444.155;789.210;-789.210;2023;9;28;8;42;14.5100002;0.0026811;WCC
3258;-1.6393494;101.1417969;738287.261;9818674.680;831.440;-831.440;2023;9;28;8;42;19.5799999;0.0026848;WCC
3259;-1.6439849;101.1457357;738725.131;9818161.483;582.340;-582.340;2023;9;28;8;43;54.7000008;0.0029092;WCC
3260;-1.6422933;101.1429850;738419.158;9818348.917;688.300;-688.300;2023;9;28;8;44;16.9300003;0.0029785;WCC
3261;-1.6415662;101.1426432;738381.199;9818429.382;898.700;-898.700;2023;9;28;8;44;28.3500004;0.0030290;WCC
3262;-1.6415866;101.1430501;738426.487;9818427.077;852.850;-852.850;2023;9;28;8;47;19.8400002;0.0033995;WCC
3263;-1.6413380;101.1435872;738486.300;9818454.510;721.090;-721.090;2023;9;28;8;47;33.0800018;0.0033175;WCC
3264;-1.6453698;101.1429932;738419.705;9818008.629;571.990;-571.990;2023;9;28;8;51;42.2200012;0.0025131;WCC
3265;-1.6422221;101.1391195;737988.906;9818357.254;838.570;-838.570;2023;9;28;8;59;46.5099983;0.0031538;WCC
3266;-1.6419821;101.1423910;738353.078;9818383.410;703.580;-703.580;2023;9;28;9;4;21.2900009;0.0028177;WCC
3267;-1.6418098;101.1414632;738249.827;9818402.578;785.640;-785.640;2023;9;28;9;5;15.8400001;0.0030297;WCC
3268;-1.6419908;101.1430420;738425.538;9818382.370;785.170;-785.170;2023;9;28;9;10;20.3600006;0.0031970;WCC
3269;-1.6460931;101.1404541;738136.998;9817928.929;569.040;-569.040;2023;9;28;9;17;17.3199997;0.0021415;WCC
3270;-1.6403271;101.1430094;738422.107;9818566.393;808.630;-808.630;2023;10;5;7;35;44.9199982;0.0026771;WCC
3271;-1.6109880;101.1295817;736930.927;9821813.120;403.190;-403.190;2023;10;8;0;46;1.7100000;0.0025778;WCC
3272;-1.6124699;101.1274740;736696.151;9821649.456;310.200;-310.200;2023;10;8;0;46;50.8600006;0.0025778;WCC
3273;-1.6383129;101.1438232;738512.928;9818789.084;939.230;-939.230;2023;10;9;12;0;57.2000008;0.0029791;WCC
3274;-1.6380408;101.1532715;739564.635;9818818.053;613.020;-613.020;2023;10;9;13;10;28.7700005;0.0019731;WCC
3275;-1.6431478;101.1476562;738938.998;9818253.844;302.240;-302.240;2023;10;10;8;52;47.5099983;0.0036581;WCC
3276;-1.6411491;101.1469238;738857.713;9818475.006;853.760;-853.760;2023;10;12;2;8;51.6800003;0.0022184;WCC
3277;-1.6427397;101.1414795;738251.531;9818299.721;521.620;-521.620;2023;10;12;2;25;53.9399986;0.0031771;WCC
3278;-1.6464605;101.1446940;738608.887;9817887.784;430.670;-430.670;2023;10;12;2;26;44.3400002;0.0021842;WCC
3279;-1.6437948;101.1399089;738076.586;9818183.206;766.930;-766.930;2023;10;12;7;33;35.7099991;0.0026946;WCC
3280;-1.6396852;101.1414388;738247.362;9818637.580;858.070;-858.070;2023;10;12;7;35;26.7299995;0.0028543;WCC
3281;-1.6385534;101.1455404;738704.037;9818762.278;911.150;-911.150;2023;10;12;7;44;21.1399994;0.0029152;WCC
3282;-1.6423865;101.1414144;738244.327;9818338.796;706.720;-706.720;2023;10;14;8;24;30.5400009;0.0038471;WCC
3283;-1.6442586;101.1433838;738463.314;9818131.490;637.370;-637.370;2023;10;14;10;32;46.1899986;0.0023515;WCC
3284;-1.6422587;101.1424479;738359.378;9818352.809;776.460;-776.460;2023;10;14;16;31;41.0200005;0.0026580;WCC
3285;-1.6425771;101.1394287;738023.280;9818317.951;719.500;-719.500;2023;10;17;8;13;56.7900009;0.0023860;WCC
3286;-1.6451682;101.1352946;737562.818;9818031.846;786.150;-786.150;2023;10;17;9;1;32.3600006;0.0025765;WCC
3288;-1.6430773;101.1507731;739285.943;9818261.268;1018.760;-1018.760;2023;10;18;14;21;34.6699982;0.0000479;Reloc
null;;;;;;;;;;;;;;
null;;;;;;;;;;;;;;
null;;;;;;;;;;;;;;
null;;;;;;;;;;;;;;
null;;;;;;;;;;;;;;
null;;;;;;;;;;;;;;
null;;;;;;;;;;;;;;
null;;;;;;;;;;;;;;
null;;;;;;;;;;;;;;
null;;;;;;;;;;;;;;
null;;;;;;;;;;;;;;
null;;;;;;;;;;;;;;
null;;;;;;;;;;;;;;
null;;;;;;;;;;;;;;
null;;;;;;;;;;;;;;
null;;;;;;;;;;;;;;
null;;;;;;;;;;;;;;
null;;;;;;;;;;;;;;
null;;;;;;;;;;;;;;
null;;;;;;;;;;;;;;
null;;;;;;;;;;;;;;
null;;;;;;;;;;;;;;
null;;;;;;;;;;;;;;
null;;;;;;;;;;;;;;
null;;;;;;;;;;;;;;
null;;;;;;;;;;;;;;
null;;;;;;;;;;;;;;
null;;;;;;;;;;;;;;
null;;;;;;;;;;;;;;
null;;;;;;;;;;;;;;
null;;;;;;;;;;;;;;
null;;;;;;;;;;;;;;
null;;;;;;;;;;;;;;
null;;;;;;;;;;;;;;
null;;;;;;;;;;;;;;
null;;;;;;;;;;;;;;
null;;;;;;;;;;;;;;
