2719;-1.64321658;101.14106520;738205.357;9818247.024;1650.568;-1650.568;2023;1;3;3;43;21.021780;0.015958
2720;-1.63835998;101.15335960;739574.405;9818782.738;1650.568;-1650.568;2023;1;3;3;52;5.731807;0.022633
2721;-1.63238701;101.14045210;738138.393;9819444.940;1160.511;-1160.511;2023;1;3;3;52;21.034483;0.020382
2722;-1.63918709;101.13491100;737520.833;9818693.452;1053.977;-1053.977;2023;1;3;3;52;34.757351;0.017506
2723;-1.63475149;101.13102930;737089.286;9819184.524;812.500;-812.500;2023;1;3;4;2;20.455869;0.004129
2724;-1.63574468;101.14580330;738733.631;9819072.917;805.398;-805.398;2023;1;4;20;11;39.395422;0.022281
2725;-1.64368393;101.14434110;738569.940;9818194.940;294.034;-294.034;2023;1;4;20;16;15.547550;0.019556
2726;-1.64287916;101.14206750;738316.964;9818284.226;1160.511;-1160.511;2023;1;4;20;17;9.676774;0.015077
2727;-1.64536570;101.14427610;738562.500;9818008.929;1650.568;-1650.568;2023;1;4;20;18;22.724124;0.017797
2728;-1.60493647;101.08046230;731464.286;9822488.095;6352.273;-6352.273;2023;1;7;1;45;57.308832;0.060961
2729;-1.65762552;101.12864710;736821.429;9816654.762;1352.273;-1352.273;2023;1;11;13;28;50.442551;0.028606
2730;-1.62143069;101.13248590;737252.976;9820657.738;-1161.932;1161.932;2023;1;13;11;1;29.447445;0.000639
2731;-1.67259240;101.21957320;746940.476;9814988.095;5897.727;-5897.727;2023;1;14;3;46;48.632560;0.074579
2732;-1.67693971;101.18214510;742773.810;9814511.905;-1375.000;1375.000;2023;1;16;16;17;35.839354;0.058077
2733;-1.64376538;101.13117250;737104.167;9818187.500;1139.205;-1139.205;2023;1;20;13;29;11.092381;0.006436
2734;-1.64383257;101.13123940;737111.607;9818180.060;862.216;-862.216;2023;1;20;18;30;0.360447;0.016531
2735;-1.64141677;101.12575540;736501.488;9818447.917;1075.284;-1075.284;2023;1;20;19;10;25.467541;0.017691
2736;-1.63736286;101.14232900;738346.726;9818894.345;578.125;-578.125;2023;1;20;19;10;36.461839;0.028672
2737;-1.63736545;101.13992260;738078.869;9818894.345;634.943;-634.943;2023;1;20;19;11;19.437870;0.013532
2738;-1.63709896;101.13751580;737811.012;9818924.107;1330.966;-1330.966;2023;1;20;19;11;38.489147;0.002688
2739;-1.63571281;101.14416550;738551.339;9819076.637;489.347;-489.347;2023;1;20;19;11;46.853540;0.030645
2740;-1.63642541;101.13831730;737900.298;9818998.512;663.352;-663.352;2023;1;20;19;12;2.081854;0.038031
2741;-1.63683017;101.13724820;737781.250;9818953.869;1217.330;-1217.330;2023;1;20;19;12;14.294269;0.017106
2742;-1.63426665;101.14406370;738540.179;9819236.607;1302.557;-1302.557;2023;1;20;19;12;27.899556;0.006692
2743;-1.63601691;101.14286240;738406.250;9819043.155;975.852;-975.852;2023;1;20;19;12;41.432900;0.025784
2744;-1.63568251;101.14105720;738205.357;9819080.357;1593.750;-1593.750;2023;1;20;19;12;45.190099;0.014578
2745;-1.63750013;101.13978900;738063.988;9818879.464;1572.443;-1572.443;2023;1;20;19;12;58.782197;0.006605
2746;-1.64078799;101.14747980;738919.643;9818514.881;1451.705;-1451.705;2023;1;20;19;13;8.813699;0.028930
2747;-1.64288794;101.13391230;737409.226;9818284.226;848.011;-848.011;2023;1;20;19;13;21.524724;0.023723
2748;-1.63811622;101.12982960;736955.357;9818812.500;769.886;-769.886;2023;1;20;19;13;50.478072;0.018647
2749;-1.64263305;101.12067640;735936.012;9818313.988;-671.875;671.875;2023;1;20;19;13;59.391798;0.018788
2750;-1.63433628;101.14185790;738294.643;9819229.167;173.295;-173.295;2023;1;20;19;14;14.257416;0.012718
2751;-1.63675190;101.14747550;738919.643;9818961.310;1622.159;-1622.159;2023;1;20;19;14;47.264572;0.011598
2752;-1.65424133;101.14776160;738949.405;9817026.786;-1644.886;1644.886;2023;1;20;19;14;50.776620;0.021191
2753;-1.63864463;101.13892120;737967.262;9818752.976;1224.432;-1224.432;2023;1;20;19;15;4.052669;0.016590
2754;-1.63911025;101.14380150;738510.417;9818700.893;663.352;-663.352;2023;1;20;19;15;37.768435;0.035339
2755;-1.63548078;101.14099010;738197.917;9819102.679;649.148;-649.148;2023;1;20;19;15;47.913290;0.017586
2756;-1.63924147;101.14687650;738852.679;9818686.012;634.943;-634.943;2023;1;20;19;16;4.337948;0.027602
2757;-1.64597553;101.14019910;738108.631;9817941.964;464.489;-464.489;2023;1;20;19;16;23.394122;0.024599
2758;-1.63682025;101.14647290;738808.036;9818953.869;1330.966;-1330.966;2023;1;20;19;16;33.016355;0.015710
2759;-1.63938005;101.14313330;738436.012;9818671.131;876.420;-876.420;2023;1;20;19;16;54.129644;0.026784
2760;-1.63379326;101.14640280;738800.595;9819288.690;1366.477;-1366.477;2023;1;20;19;17;18.659117;0.018333
2761;-1.63696341;101.13845150;737915.179;9818938.988;1259.943;-1259.943;2023;1;20;19;17;23.444335;0.027492
2762;-1.63937572;101.14714410;738882.440;9818671.131;166.193;-166.193;2023;1;20;19;17;53.429892;0.030151
2763;-1.63186896;101.12160090;736040.179;9819504.464;-274.148;274.148;2023;1;20;19;17;59.550356;0.003475
2764;-1.63647995;101.15014900;739217.262;9818991.071;1167.614;-1167.614;2023;1;20;19;18;19.472891;0.020411
2765;-1.64940644;101.14000220;738086.310;9817562.500;2360.795;-2360.795;2023;1;20;19;18;31.190725;0.035864
2766;-1.63864750;101.13624740;737669.643;9818752.976;1082.386;-1082.386;2023;1;20;19;18;38.992699;0.012278
2767;-1.63756603;101.14105920;738205.357;9818872.024;1366.477;-1366.477;2023;1;20;19;20;12.100096;0.015779
2768;-1.63925284;101.13631490;737677.083;9818686.012;1203.125;-1203.125;2023;1;20;19;20;39.823301;0.007538
2769;-1.64066023;101.14119610;738220.238;9818529.762;1494.318;-1494.318;2023;1;20;19;21;7.395479;0.018503
2770;-1.63901557;101.13801920;737866.815;9818712.054;1156.960;-1156.960;2023;1;20;19;21;18.817602;0.027522
2771;-1.63816648;101.14567220;738718.750;9818805.060;1089.489;-1089.489;2023;1;20;19;21;59.912850;0.016608
2772;-1.64670904;101.14614920;738770.833;9817860.119;2190.341;-2190.341;2023;1;20;19;22;12.207354;0.079179
2773;-1.63782704;101.14854620;739038.690;9818842.262;968.750;-968.750;2023;1;20;19;22;39.932305;0.026118
2774;-1.64073434;101.13484580;737513.393;9818522.321;1501.420;-1501.420;2023;1;20;19;22;45.402040;0.013890
2775;-1.64235367;101.13030200;737007.440;9818343.750;919.034;-919.034;2023;1;20;19;23;1.069872;0.004674
2776;-1.64462336;101.14648120;738808.036;9818090.774;365.057;-365.057;2023;1;20;19;23;6.850113;0.032293
2777;-1.63763538;101.13912070;737989.583;9818864.583;862.216;-862.216;2023;1;20;19;24;26.955878;0.033312
2778;-1.65129776;101.13278480;737282.738;9817354.167;-1588.068;1588.068;2023;1;20;19;24;30.949541;0.010336
2779;-1.63738176;101.12468160;736382.440;9818894.345;848.011;-848.011;2023;1;20;19;24;45.209973;0.007099
2780;-1.64301225;101.14340460;738465.774;9818269.345;492.898;-492.898;2023;1;20;19;24;52.184993;0.014922
2781;-1.63160683;101.17768380;742282.738;9819526.786;-1446.023;1446.023;2023;1;20;19;24;59.693129;0.027066
2782;-1.63587820;101.14673930;738837.798;9819058.036;919.034;-919.034;2023;1;20;19;25;16.073993;0.015079
2783;-1.64808007;101.12235330;736122.024;9817711.310;-593.750;593.750;2023;1;20;19;26;19.504208;0.016992
2784;-1.63217766;101.14747060;738919.643;9819467.262;1309.659;-1309.659;2023;1;20;19;26;40.248587;0.013194
2785;-1.64751191;101.15016080;739217.262;9817770.833;1735.795;-1735.795;2023;1;20;19;26;53.715047;0.014284
2786;-1.64583637;101.14447710;738584.821;9817956.845;137.784;-137.784;2023;1;20;19;28;3.138670;0.034351
2787;-1.63951904;101.13898900;737974.702;9818656.250;791.193;-791.193;2023;1;20;19;28;27.345888;0.011078
2788;-1.64159839;101.14453940;738592.262;9818425.595;1139.205;-1139.205;2023;1;20;19;28;29.326225;0.034475
2789;-1.63884276;101.14233060;738346.726;9818730.655;1075.284;-1075.284;2023;1;20;19;28;39.927334;0.009530
2790;-1.64698708;101.13786060;737848.214;9817830.357;1480.114;-1480.114;2023;1;20;19;29;12.743741;0.006179
2791;-1.64510010;101.14106720;738205.357;9818038.690;428.977;-428.977;2023;1;20;19;29;38.170102;0.027162
2792;-1.64072311;101.14527380;738674.107;9818522.321;1032.670;-1032.670;2023;1;20;19;30;28.660977;0.012912
2793;-1.64004653;101.14888280;739075.893;9818596.726;961.648;-961.648;2023;1;20;19;30;43.784938;0.028791
2794;-1.64592344;101.12609440;736538.690;9817949.405;2.841;-2.841;2023;1;20;19;30;58.623059;0.033064
2795;-1.63170772;101.14660110;738822.917;9819519.345;805.398;-805.398;2023;1;20;19;31;4.385804;0.005636
2796;-1.64074122;101.12842860;736799.107;9818522.321;137.784;-137.784;2023;1;20;19;31;9.834605;0.008950
2797;-1.64691207;101.14501300;738644.345;9817837.798;691.761;-691.761;2023;1;20;19;31;49.691598;0.034666
2798;-1.63957471;101.14975130;739172.619;9818648.810;1494.318;-1494.318;2023;1;20;19;32;3.846943;0.011796
2799;-1.64105851;101.14614320;738770.833;9818485.119;997.159;-997.159;2023;1;20;19;32;9.027159;0.013201
2800;-1.64106457;101.14052810;738145.833;9818485.119;656.250;-656.250;2023;1;20;19;32;20.902655;0.029365
2801;-1.64154299;101.13350980;737364.583;9818433.036;805.398;-805.398;2023;1;20;19;32;52.882284;0.028454
2802;-1.64301370;101.14206770;738316.964;9818269.345;450.284;-450.284;2023;1;20;19;32;59.266344;0.037956
2803;-1.64025878;101.13919030;737997.024;9818574.405;1025.568;-1025.568;2023;1;20;19;33;9.807206;0.017201
2804;-1.64619051;101.12796640;736747.024;9817919.643;428.977;-428.977;2023;1;20;19;33;34.551982;0.022697
2805;-1.63647793;101.15202070;739425.595;9818991.071;1196.023;-1196.023;2023;1;20;19;33;47.999825;0.018409
2806;-1.64334346;101.14815100;738994.048;9818232.143;1437.500;-1437.500;2023;1;20;19;33;53.979950;0.012048
2807;-1.63856980;101.14594000;738748.512;9818760.417;1146.307;-1146.307;2023;1;20;19;34;15.704760;0.027016
2808;-1.63973153;101.12902910;736866.071;9818633.929;-53.977;53.977;2023;1;20;19;34;33.224996;0.022279
2809;-1.64240935;101.14106430;738205.357;9818336.310;1366.477;-1366.477;2023;1;20;19;34;48.196556;0.007511
2810;-1.63891313;101.13945630;738026.786;9818723.214;571.023;-571.023;2023;1;20;19;34;58.123613;0.030521
2811;-1.63864463;101.13892120;737967.262;9818752.976;1678.977;-1678.977;2023;1;20;19;35;21.092436;0.021666
2812;-1.63992539;101.13644930;737691.964;9818611.607;1089.489;-1089.489;2023;1;20;19;35;48.265282;0.028264
2813;-1.63762906;101.14500310;738644.345;9818864.583;464.489;-464.489;2023;1;20;19;36;32.664148;0.027191
2814;-1.64078915;101.14641030;738800.595;9818514.881;1224.432;-1224.432;2023;1;20;19;36;50.896015;0.035037
2815;-1.63803166;101.14593940;738748.512;9818819.940;379.261;-379.261;2023;1;20;19;43;50.442194;0.039726
2816;-1.63837498;101.13945570;738026.786;9818782.738;1338.068;-1338.068;2023;1;20;19;43;54.985705;0.020278
2817;-1.64213480;101.14614430;738770.833;9818366.071;769.886;-769.886;2023;1;20;19;49;56.535301;0.034773
2818;-1.63857972;101.13671530;737721.726;9818760.417;1444.602;-1444.602;2023;1;20;19;53;30.750551;0.014892
2819;-1.63709853;101.13791690;737855.655;9818924.107;990.057;-990.057;2023;1;20;19;57;15.280616;0.011616
2820;-1.63627374;101.15422640;739671.131;9819013.393;634.943;-634.943;2023;1;20;19;57;23.664906;0.039020
2821;-1.63270948;101.15335360;739574.405;9819407.738;1053.977;-1053.977;2023;1;20;20;23;4.667314;0.018390
2822;-1.63541574;101.13891780;737967.262;9819110.119;1281.250;-1281.250;2023;1;21;1;56;37.258960;0.012973
2823;-1.64321022;101.14694760;738860.119;9818247.024;1167.614;-1167.614;2023;1;30;17;30;4.766760;0.015221
2824;-1.64328925;101.13605180;737647.321;9818239.583;1075.284;-1075.284;2023;1;30;17;30;40.748569;0.030292
2825;-1.64673612;101.12101490;735973.214;9817860.119;-792.614;792.614;2023;2;18;22;35;10.699623;0.034213
2826;-1.64510010;101.14106720;738205.357;9818038.690;1508.523;-1508.523;2023;2;18;22;38;25.918378;0.033236
2827;-1.64274966;101.13738810;737796.131;9818299.107;1046.875;-1046.875;2023;2;18;22;38;33.409144;0.019409
2828;-1.64666806;101.12175020;736055.060;9817867.560;-1240.057;1240.057;2023;2;18;22;39;5.479812;0.024151
2829;-1.64296274;101.12689350;736627.976;9818276.786;-53.977;53.977;2023;2;26;15;14;57.771167;0.016916
2830;-1.64679399;101.12977190;736947.917;9817852.679;208.807;-208.807;2023;2;27;22;34;11.942512;0.015105
2831;-1.64167034;101.14019450;738108.631;9818418.155;1075.284;-1075.284;2023;2;27;22;34;17.982019;0.004347
2832;-1.64591942;101.12983790;736955.357;9817949.405;599.432;-599.432;2023;2;27;22;34;39.326585;0.010984
2833;-1.64463894;101.13204240;737200.893;9818090.774;734.375;-734.375;2023;2;27;22;34;42.216194;0.004586
2834;-1.63884664;101.13872090;737944.940;9818730.655;450.284;-450.284;2023;3;8;4;53;44.107957;0.028247
2835;-1.64234763;101.13591710;737632.440;9818343.750;1075.284;-1075.284;2023;3;12;23;29;24.119465;0.016054
2836;-1.64087232;101.13163740;737156.250;9818507.440;1046.875;-1046.875;2023;3;19;14;58;26.798009;0.013833
2837;-1.64355631;101.13792380;737855.655;9818209.821;1288.352;-1288.352;2023;3;19;14;58;27.354912;0.030446
2838;-1.64032368;101.14139630;738242.560;9818566.964;1345.170;-1345.170;2023;3;19;14;58;41.394268;0.026295
2839;-1.63938752;101.13618130;737662.202;9818671.131;1174.716;-1174.716;2023;3;19;14;59;5.121890;0.022729
2840;-1.63973039;101.13009870;736985.119;9818633.929;1139.205;-1139.205;2023;3;19;15;0;56.343065;0.018712
2841;-1.64166818;101.14219990;738331.845;9818418.155;1103.693;-1103.693;2023;3;19;15;7;48.627634;0.036342
2842;-1.64042497;101.14102880;738201.637;9818555.804;1093.040;-1093.040;2023;3;19;15;8;6.142450;0.017442
2843;-1.64347988;101.14641310;738800.595;9818217.262;116.477;-116.477;2023;3;19;15;8;45.767866;0.026902
2844;-1.64233422;101.14835040;739016.369;9818343.750;-231.534;231.534;2023;3;19;15;10;1.901861;0.057570
2845;-1.63756689;101.14025700;738116.071;9818872.024;1536.932;-1536.932;2023;3;19;15;10;17.064591;0.016478
2846;-1.64645009;101.13679050;737729.167;9817889.881;1366.477;-1366.477;2023;3;19;15;10;42.460542;0.014692
2847;-1.64509142;101.14908870;739098.214;9818038.690;1792.614;-1792.614;2023;3;19;15;12;7.923382;0.019069
2848;-1.64026367;101.13464480;737491.071;9818574.405;1480.114;-1480.114;2023;3;19;15;12;41.666715;0.012086
2849;-1.64274779;101.13912610;737989.583;9818299.107;1231.534;-1231.534;2023;3;19;15;13;3.030247;0.015273
2850;-1.64624735;101.13765930;737825.893;9817912.202;1401.989;-1401.989;2023;3;19;15;13;29.225885;0.006908
2851;-1.63703534;101.13410660;737431.548;9818931.548;1849.432;-1849.432;2023;3;19;15;14;14.544503;0.008527
2852;-1.64168284;101.12856330;736813.988;9818418.155;478.693;-478.693;2023;3;19;15;14;23.746881;0.006656
2853;-1.64221137;101.13752130;737811.012;9818358.631;762.784;-762.784;2023;3;19;15;17;0.955769;0.013280
2854;-1.64489533;101.14380770;738510.417;9818061.012;279.830;-279.830;2023;3;19;15;17;15.426447;0.032491
2855;-1.64328925;101.13605180;737647.321;9818239.583;294.034;-294.034;2023;3;19;15;17;23.259535;0.022329
2856;-1.64430152;101.13304480;737312.500;9818127.976;883.523;-883.523;2023;3;19;15;17;27.560416;0.025831
2857;-1.64133825;101.13625030;737669.643;9818455.357;-25.568;25.568;2023;3;19;15;17;37.338395;0.038373
2858;-1.64025821;101.13972510;738056.548;9818574.405;883.523;-883.523;2023;3;30;10;37;55.426088;0.025893
2859;-1.64132816;101.14560870;738711.310;9818455.357;1139.205;-1139.205;2023;3;30;10;38;31.478533;0.011222
2860;-1.64619367;101.12502520;736419.643;9817919.643;400.568;-400.568;2023;3;30;10;38;50.877791;0.006897
2861;-1.64321917;101.13865870;737937.500;9818247.024;1366.477;-1366.477;2023;3;30;10;38;55.638828;0.018125
2862;-1.64130112;101.13949230;738030.506;9818459.077;602.983;-602.983;2023;3;30;10;39;42.121967;0.015419
2863;-1.64356063;101.13391300;737409.226;9818209.821;1515.625;-1515.625;2023;3;30;10;39;48.851175;0.007163
2864;-1.64059520;101.13912390;737989.583;9818537.202;606.534;-606.534;2023;3;30;10;40;7.735971;0.040378
2865;-1.64220892;101.13979400;738063.988;9818358.631;450.284;-450.284;2023;3;30;10;40;14.494488;0.038814
2866;-1.63992596;101.13591450;737632.440;9818611.607;762.784;-762.784;2023;3;30;10;40;28.921790;0.035671
2867;-1.64315083;101.13966130;738049.107;9818254.464;1302.557;-1302.557;2023;3;30;10;40;36.387594;0.063197
2868;-1.64448723;101.14795170;738971.726;9818105.655;-46.875;46.875;2023;3;30;10;40;42.444114;0.039374
2869;-1.65425382;101.13626400;737669.643;9817026.786;1281.250;-1281.250;2023;3;30;10;41;9.317607;0.018255
2870;-1.64059836;101.13618260;737662.202;9818537.202;1075.284;-1075.284;2023;3;30;10;41;20.143743;0.023030
2871;-1.64510990;101.13197610;737193.452;9818038.690;1252.841;-1252.841;2023;3;30;10;41;29.932211;0.018310
2872;-1.64248706;101.13137170;737126.488;9818328.869;379.261;-379.261;2023;3;30;10;42;3.190275;0.006677
2873;-1.64221166;101.13725390;737781.250;9818358.631;819.602;-819.602;2023;3;30;10;42;11.623057;0.017925
2874;-1.63669864;101.13444050;737468.750;9818968.750;1203.125;-1203.125;2023;3;30;10;45;34.462742;0.013678
2875;-1.64268994;101.13036920;737014.881;9818306.548;1110.795;-1110.795;2023;3;30;10;49;11.328725;0.012909
2876;-1.70846981;101.13859580;737922.619;9811029.762;4221.591;-4221.591;2023;4;1;11;45;0.952045;0.035999
2877;-1.64106341;101.14159770;738264.881;9818485.119;599.432;-599.432;2023;4;4;21;16;12.366575;0.040722
2878;-1.64160675;101.13678530;737729.167;9818425.595;1082.386;-1082.386;2023;4;4;21;17;38.918352;0.019856
2879;-1.64260083;101.15062350;739269.345;9818313.988;990.057;-990.057;2023;4;4;21;19;37.684975;0.019020
2880;-1.64348248;101.14400670;738532.738;9818217.262;968.750;-968.750;2023;4;4;21;20;7.907937;0.017467
2881;-1.64140371;101.13792150;737855.655;9818447.917;365.057;-365.057;2023;4;4;21;21;24.196731;0.045019
2882;-1.64643794;101.14802060;738979.167;9817889.881;-139.205;139.205;2023;4;4;21;21;37.945518;0.005706
2883;-1.64321773;101.13999560;738086.310;9818247.024;1536.932;-1536.932;2023;4;4;21;21;52.757319;0.022931
2884;-1.64615627;101.12853460;736810.268;9817923.363;226.562;-226.562;2023;4;4;21;21;54.950048;0.038120
2885;-1.64240185;101.14801630;738979.167;9818336.310;1593.750;-1593.750;2023;4;4;21;22;3.630297;0.011676
2886;-1.64282088;101.13371170;737386.905;9818291.667;414.773;-414.773;2023;4;7;6;28;12.294873;0.048379
2887;-1.57286463;101.13043050;737029.762;9826029.762;5244.318;-5244.318;2023;4;13;0;27;12.004878;0.033094
2888;-1.68640987;101.13482810;737505.952;9813470.238;642.045;-642.045;2023;4;14;3;58;7.158064;0.104950
2889;-1.60239829;101.12798750;736754.464;9822763.393;123.580;-123.580;2023;4;14;5;51;20.805683;0.019838
2890;-1.60804847;101.12839440;736799.107;9822138.393;592.330;-592.330;2023;4;14;5;51;25.799562;0.007369
2891;-1.57125237;101.12828980;736791.667;9826208.333;301.136;-301.136;2023;4;18;3;36;9.806259;0.036917
2892;-1.60608184;101.14343250;738473.214;9822354.167;31.250;-31.250;2023;5;6;6;37;14.316549;0.005403
2893;-1.63775450;101.15342580;739581.845;9818849.702;904.830;-904.830;2023;5;15;17;26;39.816585;0.013791
2894;-1.63748442;101.15436140;739686.012;9818879.464;862.216;-862.216;2023;5;15;17;32;30.396144;0.024104
2895;-1.65075065;101.14107320;738205.357;9817413.690;-281.250;281.250;2023;5;19;22;49;48.464110;0.031983
2896;-1.63788861;101.15382700;739626.488;9818834.821;975.852;-975.852;2023;5;19;22;54;49.029475;0.019464
2897;-1.63950997;101.14741160;738912.202;9818656.250;1160.511;-1160.511;2023;5;19;22;54;53.533470;0.013173
2898;-1.60289344;101.10465880;734157.738;9822711.310;6678.977;-6678.977;2023;5;25;3;57;54.805766;0.031405
2899;-1.60450071;101.11161240;734931.548;9822532.738;5514.205;-5514.205;2023;5;25;3;58;41.261401;0.048596
2900;-1.64535381;101.15523880;739782.738;9818008.929;258.523;-258.523;2023;5;27;15;41;24.023228;0.020450
2901;-1.64369574;101.13337840;737349.702;9818194.940;862.216;-862.216;2023;5;27;15;42;8.603672;0.020721
2902;-1.60730015;101.13634820;737684.524;9822220.238;414.773;-414.773;2023;5;28;12;27;6.912541;0.013219
2903;-1.63080186;101.14449460;738588.542;9819619.792;-164.063;164.063;2023;5;28;18;49;16.228186;0.002781
2904;-1.69098975;101.12975270;736940.476;9812964.286;1465.909;-1465.909;2023;6;2;17;52;26.666307;0.071791
2905;-1.64713873;101.12195120;736077.381;9817815.476;357.955;-357.955;2023;6;6;1;40;44.045847;0.015177
2906;-1.63939383;101.13029890;737007.440;9818671.131;194.602;-194.602;2023;6;6;1;42;24.766723;0.009414
2907;-1.64322809;101.13036980;737014.881;9818247.024;855.114;-855.114;2023;6;6;1;48;22.267989;0.016431
2908;-1.64120988;101.13050130;737029.762;9818470.238;812.500;-812.500;2023;6;6;1;48;43.077703;0.014774
2909;-1.64395472;101.14273710;738391.369;9818165.179;1288.352;-1288.352;2023;6;6;1;51;12.582826;0.006929
2910;-1.64928042;101.13211420;737208.333;9817577.381;1267.045;-1267.045;2023;6;6;1;51;15.872520;0.016729
2911;-1.64342681;101.13324440;737334.821;9818224.702;1188.920;-1188.920;2023;6;6;1;51;30.255296;0.014548
2912;-1.64665153;101.13712490;737766.369;9817867.560;1387.784;-1387.784;2023;6;6;1;52;19.111708;0.034479
2913;-1.64409935;101.13337880;737349.702;9818150.298;1302.557;-1302.557;2023;6;6;1;52;40.329689;0.055878
2914;-1.64867060;101.13619120;737662.202;9817644.345;1515.625;-1515.625;2023;6;6;1;52;50.307323;0.034722
2915;-1.64612130;101.12977120;736947.917;9817927.083;1146.307;-1146.307;2023;6;6;1;53;28.013666;0.007861
2916;-1.64646475;101.12315380;736211.310;9817889.881;372.159;-372.159;2023;6;6;1;54;5.295338;0.021740
2917;-1.64731815;101.14274070;738391.369;9817793.155;322.443;-322.443;2023;6;6;1;54;28.896526;0.042260
2918;-1.63839102;101.12448220;736360.119;9818782.738;1423.295;-1423.295;2023;6;6;1;54;37.536762;0.023717
2919;-1.64332894;101.16152010;740482.143;9818232.143;812.500;-812.500;2023;6;6;1;54;44.191823;0.027899
2920;-1.63883570;101.14888150;739075.893;9818730.655;1487.216;-1487.216;2023;6;6;1;54;53.202353;0.006525
2921;-1.64420833;101.12585870;736512.649;9818139.137;-227.983;227.983;2023;6;6;1;55;12.252722;0.027396
2922;-1.64699170;101.13358240;737372.024;9817830.357;1082.386;-1082.386;2023;6;6;1;55;25.808313;0.058519
2923;-1.64409705;101.13551790;737587.798;9818150.298;890.625;-890.625;2023;6;6;1;55;44.557763;0.008838
2924;-1.64288852;101.13337750;737349.702;9818284.226;1316.761;-1316.761;2023;6;6;1;55;52.509459;0.005970
2925;-1.63404761;101.16003950;740318.452;9819258.929;684.659;-684.659;2023;6;6;1;56;1.150764;0.002096
2926;-1.64698419;101.14053440;738145.833;9817830.357;1849.432;-1849.432;2023;6;6;1;56;8.321685;0.012995
2927;-1.64780497;101.12796820;736747.024;9817741.071;-25.568;25.568;2023;6;6;1;56;16.764345;0.023552
2928;-1.64436440;101.13712250;737766.369;9818120.536;947.443;-947.443;2023;6;6;1;56;29.051755;0.027732
2929;-1.64948992;101.12496180;736412.202;9817555.060;-103.693;103.693;2023;6;6;1;56;36.790915;0.058556
2930;-1.64167480;101.13605010;737647.321;9818418.155;1160.511;-1160.511;2023;6;6;1;57;14.220909;0.044311
2931;-1.64086873;101.13497970;737528.274;9818507.440;862.216;-862.216;2023;6;6;1;57;25.564051;0.025057
2932;-1.63978826;101.13885560;737959.821;9818626.488;748.580;-748.580;2023;6;6;1;57;28.895898;0.022973
2933;-1.63925342;101.13578010;737617.560;9818686.012;663.352;-663.352;2023;6;6;1;57;37.625095;0.020543
2934;-1.64476945;101.13578600;737617.560;9818075.893;1600.852;-1600.852;2023;6;6;1;57;45.388731;0.017010
2935;-1.63628570;101.14313000;738436.012;9819013.393;1032.670;-1032.670;2023;6;6;1;58;3.487408;0.008335
2936;-1.64134771;101.12742650;736687.500;9818455.357;1309.659;-1309.659;2023;6;6;1;58;51.298422;0.010969
2937;-1.64153983;101.13645100;737691.964;9818433.036;1714.489;-1714.489;2023;6;6;1;59;4.926138;0.030200
2938;-1.64373648;101.15791090;740080.357;9818187.500;1053.977;-1053.977;2023;6;6;2;0;18.295900;0.004245
2939;-1.63992136;101.14019270;738108.631;9818611.607;890.625;-890.625;2023;6;6;2;0;50.337809;0.015754
2940;-1.64248044;101.13752160;737811.012;9818328.869;975.852;-975.852;2023;6;6;2;1;17.150517;0.028926
2941;-1.64806366;101.13759430;737818.452;9817711.310;372.159;-372.159;2023;6;6;2;1;29.563494;0.047085
2942;-1.64042727;101.13888970;737963.542;9818555.804;972.301;-972.301;2023;6;6;2;1;36.979411;0.036754
2943;-1.64422524;101.14140050;738242.560;9818135.417;-1453.125;1453.125;2023;6;6;2;1;54.465101;0.017623
2944;-1.63979186;101.13551330;737587.798;9818626.488;947.443;-947.443;2023;6;6;2;2;19.403085;0.019786
2945;-1.63619757;101.16244820;740586.310;9819020.833;-338.068;338.068;2023;6;6;2;3;32.545021;0.005431
2946;-1.64759156;101.13873020;737944.940;9817763.393;1146.307;-1146.307;2023;6;6;2;5;16.300642;0.019824
2947;-1.63239230;101.13550550;737587.798;9819444.940;407.670;-407.670;2023;6;6;2;11;56.618002;0.005956
2948;-1.64073319;101.13591540;737632.440;9818522.321;1330.966;-1330.966;2023;6;6;2;57;14.158108;0.039691
2949;-1.64073060;101.13832180;737900.298;9818522.321;1061.080;-1061.080;2023;6;6;2;57;29.373825;0.019545
2950;-1.63924421;101.14433640;738569.940;9818686.012;1302.557;-1302.557;2023;6;6;2;57;54.106710;0.011160
2951;-1.63251910;101.14272500;738391.369;9819430.060;137.784;-137.784;2023;6;6;2;58;2.076602;0.005517
2952;-1.64098929;101.14794790;738971.726;9818492.560;-1552.557;1552.557;2023;6;6;2;58;17.958219;0.038986
2953;-1.64348305;101.14347190;738473.214;9818217.262;571.023;-571.023;2023;6;6;2;58;41.370848;0.022289
2954;-1.64206948;101.14433940;738569.940;9818373.512;1061.080;-1061.080;2023;6;6;2;59;47.010236;0.012603
2955;-1.63782415;101.15122000;739336.310;9818842.262;1764.205;-1764.205;2023;6;6;22;40;15.801952;0.008693
2956;-1.63310717;101.15883530;740184.524;9819363.095;3767.045;-3767.045;2023;6;20;20;10;27.013595;0.031162
2957;-1.68157651;101.12573160;736494.048;9814005.952;5187.500;-5187.500;2023;6;21;21;54;14.827303;0.035030
2958;-1.66219371;101.13426710;737446.429;9816148.810;6551.136;-6551.136;2023;6;21;22;1;19.799812;0.033400
2959;-1.65506569;101.13198670;737193.452;9816937.500;4889.205;-4889.205;2023;6;21;22;28;47.826652;0.025459
2960;-1.66206455;101.12932030;736895.833;9816163.690;5599.432;-5599.432;2023;6;22;9;57;0.386217;0.028505
2961;-1.62368246;101.13412600;737435.268;9820408.482;-1293.324;1293.324;2023;6;27;17;47;0.121354;0.006669
2962;-1.64036217;101.13688430;737740.327;9818563.244;617.187;-617.187;2023;7;4;19;19;48.456594;0.009431
2963;-1.60402470;101.18019450;742565.476;9822577.381;642.045;-642.045;2023;7;4;21;56;7.506358;0.028300
2964;-1.62764095;101.11217110;734991.071;9819973.214;1622.159;-1622.159;2023;7;5;0;17;41.696790;0.035801
2965;-1.63953859;101.18290620;742863.095;9818648.810;-1744.318;1744.318;2023;7;7;20;24;54.283450;0.014425
2966;-1.69475504;101.13136110;737119.048;9812547.619;2204.545;-2204.545;2023;7;8;12;21;33.525752;0.037998
2967;-1.64812927;101.13913190;737989.583;9817703.869;-302.557;302.557;2023;7;14;23;38;10.267111;0.048170
2968;-1.64120414;101.13584900;737625.000;9818470.238;812.500;-812.500;2023;7;15;2;2;49.289997;0.028466
2969;-1.64275268;101.13458060;737483.631;9818299.107;592.330;-592.330;2023;7;15;2;5;39.863343;0.030600
2970;-1.61809522;101.10587760;734291.667;9821029.762;1437.500;-1437.500;2023;7;15;4;25;32.471515;0.027259
2971;-1.60682653;101.13895460;737974.702;9822272.321;-1140.625;1140.625;2023;7;15;4;36;18.917047;0.011171
2972;-1.63737276;101.13310430;737319.940;9818894.345;734.375;-734.375;2023;7;15;9;27;6.659251;0.012162
2973;-1.64029230;101.13929070;738008.185;9818570.685;794.744;-794.744;2023;7;15;9;29;55.143362;0.022187
2974;-1.63965085;101.14152930;738257.440;9818641.369;805.398;-805.398;2023;7;15;9;30;2.757411;0.030859
2975;-1.64328609;101.13899300;737974.702;9818239.583;762.784;-762.784;2023;7;15;9;30;27.429351;0.030172
2976;-1.63837670;101.13785140;737848.214;9818782.738;656.250;-656.250;2023;7;15;9;31;39.714963;0.014730
2977;-1.63784543;101.13143360;737133.929;9818842.262;-25.568;25.568;2023;7;17;15;4;33.403353;0.006698
2978;-1.63779978;101.14263030;738380.208;9818845.982;489.347;-489.347;2023;7;19;2;5;31.296704;0.022072
2979;-1.63978625;101.14072730;738168.155;9818626.488;1316.761;-1316.761;2023;7;19;2;18;47.735603;0.027444
2980;-1.64268591;101.13411260;737431.548;9818306.548;1252.841;-1252.841;2023;7;19;2;21;5.608402;0.013646
2981;-1.63432304;101.15415740;739663.690;9819229.167;1082.386;-1082.386;2023;7;19;2;21;8.781847;0.016982
2982;-1.63561747;101.13898490;737974.702;9819087.798;1416.193;-1416.193;2023;7;19;2;59;40.546038;0.048851
2983;-1.63695939;101.14219490;738331.845;9818938.988;791.193;-791.193;2023;7;19;3;0;3.874538;0.027601
2984;-1.64073592;101.13337520;737349.702;9818522.321;393.466;-393.466;2023;7;19;3;0;15.288855;0.017566
2985;-1.63991791;101.14340130;738465.774;9818611.607;151.989;-151.989;2023;7;19;3;0;25.793621;0.028718
2986;-1.63999229;101.13678360;737729.167;9818604.167;1309.659;-1309.659;2023;7;19;3;1;0.326054;0.011162
2987;-1.64207554;101.13872430;737944.940;9818373.512;919.034;-919.034;2023;7;19;3;1;12.773482;0.034561
2988;-1.64085909;101.14393700;738525.298;9818507.440;208.807;-208.807;2023;7;19;3;1;20.849911;0.028498
2989;-1.63623127;101.13116450;737104.167;9819020.833;1110.795;-1110.795;2023;7;19;3;1;31.055137;0.016712
2990;-1.64617379;101.14347480;738473.214;9817919.643;88.068;-88.068;2023;7;19;3;1;58.949004;0.017823
2991;-1.63991978;101.14166330;738272.321;9818611.607;1458.807;-1458.807;2023;7;19;3;2;24.236830;0.017163
2992;-1.64168198;101.12936540;736903.274;9818418.155;975.852;-975.852;2023;7;19;3;2;31.332077;0.029713
2993;-1.63054189;101.16725500;741122.024;9819645.833;-1957.386;1957.386;2023;7;19;3;3;0.916818;0.017380
2994;-1.64833707;101.13358380;737372.024;9817681.548;769.886;-769.886;2023;7;19;3;3;5.169425;0.007683
2995;-1.63918393;101.13785230;737848.214;9818693.452;968.750;-968.750;2023;7;19;3;3;49.457222;0.012583
2996;-1.63763510;101.13938810;738019.345;9818864.583;720.170;-720.170;2023;7;19;3;4;25.741099;0.029311
2997;-1.63528449;101.13584280;737625.000;9819125.000;812.500;-812.500;2023;7;19;3;4;42.905768;0.004281
2998;-1.63682701;101.14018940;738108.631;9818953.869;1160.511;-1160.511;2023;7;19;3;4;47.332670;0.023224
2999;-1.63672693;101.13942060;738023.065;9818965.030;1433.949;-1433.949;2023;7;19;3;5;55.398274;0.039800
3000;-1.64098986;101.14741320;738912.202;9818492.560;137.784;-137.784;2023;7;19;3;6;34.214383;0.019525
3001;-1.64123018;101.14290130;738409.970;9818466.518;411.222;-411.222;2023;7;19;3;7;18.030754;0.029660
3002;-1.64785789;101.14127070;738227.679;9817733.631;223.011;-223.011;2023;7;19;3;7;20.173221;0.046106
3003;-1.63358519;101.15221820;739447.917;9819311.012;1188.920;-1188.920;2023;7;19;3;8;37.713387;0.016630
3004;-1.63871067;101.14005770;738093.750;9818745.536;1146.307;-1146.307;2023;7;19;3;10;29.884404;0.009534
3005;-1.63763237;101.14192820;738302.083;9818864.583;677.557;-677.557;2023;7;19;3;11;7.885590;0.028191
3006;-1.63642928;101.13470760;737498.512;9818998.512;933.239;-933.239;2023;7;19;3;12;10.797689;0.002442
3007;-1.64025187;101.14560750;738711.310;9818574.405;1451.705;-1451.705;2023;7;19;3;14;29.637367;0.017732
3008;-1.64095692;101.14677810;738841.518;9818496.280;-341.619;341.619;2023;7;19;3;14;38.364192;0.014714
3009;-1.63911658;101.13791910;737855.655;9818700.893;464.489;-464.489;2023;7;19;3;17;13.872554;0.014439
3010;-1.63520049;101.15141770;739358.631;9819132.440;848.011;-848.011;2023;7;19;3;22;8.320467;0.017141
3011;-1.63790274;101.14072530;738168.155;9818834.821;791.193;-791.193;2023;7;19;3;23;0.503089;0.029778
3012;-1.64018583;101.14447110;738584.821;9818581.845;208.807;-208.807;2023;7;19;3;23;19.364235;0.029504
3013;-1.64288118;101.14019580;738108.631;9818284.226;279.830;-279.830;2023;7;19;3;23;22.772053;0.030880
3014;-1.63790618;101.13751670;737811.012;9818834.821;961.648;-961.648;2023;7;19;3;23;38.402960;0.012440
3015;-1.63934926;101.14049290;738142.113;9818674.851;375.710;-375.710;2023;7;19;3;24;8.747039;0.025258
3016;-1.63860931;101.14049210;738142.113;9818756.696;418.324;-418.324;2023;7;19;3;24;11.844562;0.035771
3017;-1.64342134;101.13832470;737900.298;9818224.702;961.648;-961.648;2023;7;19;3;24;18.099314;0.030512
3018;-1.63720169;101.13581140;737621.280;9818912.946;489.347;-489.347;2023;7;19;3;26;25.941019;0.023432
3019;-1.64195678;101.12401800;736308.036;9818388.393;237.216;-237.216;2023;7;19;3;26;54.457299;0.013517
3020;-1.63776129;101.14714230;738882.440;9818849.702;1146.307;-1146.307;2023;7;19;3;28;6.323373;0.021066
3021;-1.63467600;101.13871650;737944.940;9819191.964;1132.102;-1132.102;2023;7;19;3;28;11.300041;0.004452
3022;-1.63835651;101.15656820;739931.548;9818782.738;656.250;-656.250;2023;7;19;3;29;4.271108;0.038269
3023;-1.64356279;101.13190760;737186.012;9818209.821;563.920;-563.920;2023;7;19;3;30;50.997052;0.012999
3024;-1.64503939;101.13498410;737528.274;9818046.131;649.148;-649.148;2023;7;19;3;37;19.664874;0.006808
3025;-1.64180689;101.13832300;737900.298;9818403.274;1004.261;-1004.261;2023;7;19;3;39;24.284635;0.006011
3026;-1.63845550;101.12708930;736650.298;9818775.298;720.170;-720.170;2023;7;19;3;48;22.112302;0.004029
3027;-1.64476281;101.14193580;738302.083;9818075.893;535.511;-535.511;2023;7;19;19;1;51.081684;0.038413
3028;-1.64328997;101.13538330;737572.917;9818239.583;194.602;-194.602;2023;7;20;1;15;46.231755;0.021303
3029;-1.64214806;101.13384470;737401.786;9818366.071;116.477;-116.477;2023;7;20;1;16;25.085450;0.023520
3030;-1.63166750;101.12126650;736002.976;9819526.786;1338.068;-1338.068;2023;7;20;1;18;27.236277;0.012646
3031;-1.64435920;101.14193540;738302.083;9818120.536;95.170;-95.170;2023;7;20;16;59;18.796322;0.030726
3032;-1.64262633;101.12696000;736635.417;9818313.988;-203.125;203.125;2023;7;21;6;50;53.010944;0.024893
3033;-1.65176583;101.13539240;737572.917;9817302.083;-4.261;4.261;2023;7;21;12;31;45.828832;0.051581
3034;-1.64490110;101.13846000;737915.179;9818061.012;194.602;-194.602;2023;7;23;3;56;19.480658;0.029069
3035;-1.59750935;101.10705970;734425.595;9823306.548;-1048.295;1048.295;2023;7;26;0;17;42.295181;0.037818
3036;-1.59496587;101.09462380;733041.667;9823589.286;7232.955;-7232.955;2023;7;26;23;34;33.978464;0.044402
3037;-1.63720849;101.12946100;736914.435;9818912.946;-263.494;263.494;2023;7;31;23;41;35.372419;0.012665
3038;-1.61392713;101.10333320;734008.929;9821491.071;5400.568;-5400.568;2023;8;10;22;25;12.096864;0.040985
3039;-1.62120873;101.08756470;732252.976;9820687.500;3610.795;-3610.795;2023;8;15;18;31;16.008597;0.063346
3040;-1.63530559;101.11605620;735422.619;9819125.000;4619.318;-4619.318;2023;8;21;20;43;14.745488;0.033141
3041;-1.58996327;101.11854950;735705.357;9824139.881;-1076.705;1076.705;2023;8;22;10;37;23.912445;0.028215
3042;-1.64220863;101.14006140;738093.750;9818358.631;1572.443;-1572.443;2023;8;25;22;0;2.962537;0.005638
3043;-1.64119896;101.14066200;738160.714;9818470.238;755.682;-755.682;2023;8;25;22;1;20.648910;0.032999
3044;-1.65236915;101.13733160;737788.690;9817235.119;-877.841;877.841;2023;8;25;22;1;29.573979;0.030947
3045;-1.63874858;101.13608040;737651.042;9818741.815;468.040;-468.040;2023;8;25;22;1;39.692050;0.022656
3046;-1.63683203;101.13551020;737587.798;9818953.869;947.443;-947.443;2023;8;25;22;2;23.941055;0.005671
3047;-1.64059391;101.14032710;738123.512;9818537.202;819.602;-819.602;2023;8;25;22;2;28.142700;0.020382
3048;-1.64455848;101.14427520;738562.500;9818098.214;-25.568;25.568;2023;8;25;22;2;42.262208;0.027612
3049;-1.64460786;101.12966940;736936.756;9818094.494;134.233;-134.233;2023;8;25;22;2;51.506194;0.025207
3050;-1.64059448;101.13979230;738063.988;9818537.202;805.398;-805.398;2023;8;25;22;2;58.448171;0.030010
3051;-1.63365339;101.15134920;739351.190;9819303.571;-1971.591;1971.591;2023;8;25;22;3;19.878403;0.017963
3052;-1.63629288;101.13644540;737691.964;9819013.393;819.602;-819.602;2023;8;25;22;3;24.913441;0.012296
3053;-1.63700651;101.16084480;740407.738;9818931.548;-1985.795;1985.795;2023;8;25;22;3;27.505235;0.014607
3054;-1.64530197;101.14100060;738197.917;9818016.369;634.943;-634.943;2023;8;25;22;3;32.502748;0.033064
3055;-1.64261728;101.13538260;737572.917;9818313.988;1259.943;-1259.943;2023;8;25;22;3;45.512488;0.026346
3056;-1.64720263;101.12509310;736427.083;9817808.036;-103.693;103.693;2023;8;25;22;4;22.104416;0.014662
3057;-1.64375155;101.14400700;738532.738;9818187.500;1508.523;-1508.523;2023;8;25;22;4;39.359058;0.032995
3058;-1.64173596;101.14173210;738279.762;9818410.714;1494.318;-1494.318;2023;8;25;22;4;42.739926;0.024678
3059;-1.64213220;101.14855080;739038.690;9818366.071;31.250;-31.250;2023;8;25;22;5;22.650483;0.011111
3060;-1.63451972;101.15890370;740191.964;9819206.845;251.420;-251.420;2023;8;25;22;5;45.808236;0.013918
3061;-1.64160646;101.13705270;737758.929;9818425.595;1224.432;-1224.432;2023;8;25;22;7;34.091778;0.018131
3062;-1.64328637;101.13872560;737944.940;9818239.583;322.443;-322.443;2023;8;25;22;9;17.423317;0.056808
3063;-1.64516599;101.14233730;738346.726;9818031.250;350.852;-350.852;2023;8;25;22;9;21.903733;0.048614
3064;-1.63992611;101.13578080;737617.560;9818611.607;1018.466;-1018.466;2023;8;25;22;9;33.668598;0.028450
3065;-1.62637146;101.16711690;741107.143;9820107.143;-1375.000;1375.000;2023;8;25;22;9;50.978840;0.014399
3066;-1.64097959;101.15690520;739968.750;9818492.560;436.080;-436.080;2023;8;25;22;11;54.895181;0.015550
3067;-1.63487041;101.14560180;738711.310;9819169.643;1991.477;-1991.477;2023;8;25;22;12;15.200615;0.009386
3068;-1.64057221;101.16038070;740355.655;9818537.202;9.943;-9.943;2023;8;25;22;14;11.648705;0.015407
3069;-1.63573473;101.15502790;739760.417;9819072.917;634.943;-634.943;2023;8;28;21;39;39.093500;0.010410
3070;-1.64921438;101.13097780;737081.845;9817584.821;-274.148;274.148;2023;8;28;22;8;57.285625;0.018200
3071;-1.63723292;101.13805080;737870.536;9818909.226;407.670;-407.670;2023;8;29;14;22;51.032129;0.035661
3072;-1.64140788;101.13404440;737424.107;9818447.917;933.239;-933.239;2023;8;29;18;13;50.738221;0.020656
3073;-1.64323811;101.12101120;735973.214;9818247.024;-1985.795;1985.795;2023;8;29;18;14;32.948464;0.024337
3074;-1.63945013;101.14052640;738145.833;9818663.690;1338.068;-1338.068;2023;8;30;1;31;17.674201;0.010442
3075;-1.64219404;101.15356420;739596.726;9818358.631;80.966;-80.966;2023;8;30;5;46;14.454757;0.002443
3076;-1.63621145;101.14961400;739157.738;9819020.833;372.159;-372.159;2023;8;30;5;46;27.077692;0.023693
3077;-1.63923569;101.15222420;739447.917;9818686.012;521.307;-521.307;2023;8;30;5;47;3.690605;0.020813
3078;-1.64006667;101.13016590;736992.560;9818596.726;748.580;-748.580;2023;8;30;5;47;5.547472;0.012010
3079;-1.63757578;101.13196810;737193.452;9818872.024;741.477;-741.477;2023;8;30;5;47;14.060769;0.014192
3080;-1.64139348;101.14741360;738912.202;9818447.917;1245.739;-1245.739;2023;8;30;5;47;22.737172;0.011512
3081;-1.63614728;101.14673960;738837.798;9819028.274;308.239;-308.239;2023;8;30;5;47;28.443030;0.019499
3082;-1.63965142;101.14099450;738197.917;9818641.369;776.989;-776.989;2023;8;30;5;47;37.996001;0.001661
3083;-1.64192757;101.15115750;739328.869;9818388.393;-245.739;245.739;2023;8;30;5;47;51.206836;0.008026
3084;-1.64436670;101.13498340;737528.274;9818120.536;663.352;-663.352;2023;8;30;5;50;21.999360;0.012206
3085;-1.63833310;101.14710950;738878.720;9818786.458;468.040;-468.040;2023;8;30;5;50;28.252857;0.037114
3086;-1.64333650;101.15456820;739708.333;9818232.143;1948.864;-1948.864;2023;8;30;14;17;58.832345;0.010090
3087;-1.63621117;101.14988140;739187.500;9819020.833;1224.432;-1224.432;2023;8;30;14;22;58.086284;0.013054
3088;-1.64392596;101.13822500;737889.137;9818168.899;-504.972;504.972;2023;8;30;14;35;52.645138;0.023667
3089;-1.70815995;101.17469320;741940.476;9811059.524;7715.909;-7715.909;2023;9;11;2;12;34.790987;0.145862
3090;-1.70840669;101.19421260;744113.095;9811029.762;-1971.591;1971.591;2023;9;11;2;17;42.962951;0.113455
3091;-1.70849898;101.11239110;735005.952;9811029.762;-721.591;721.591;2023;9;11;2;19;35.939195;0.078749
3092;-1.70815385;101.18004090;742535.714;9811059.524;7488.636;-7488.636;2023;9;11;2;35;19.249357;0.113267
3093;-1.70839065;101.20811650;745660.714;9811029.762;-1119.318;1119.318;2023;9;11;2;46;58.289493;0.076092
3094;-1.63925184;101.13725070;737781.250;9818686.012;720.170;-720.170;2023;9;13;15;18;58.211231;0.009994
3095;-1.64301312;101.14260240;738376.488;9818269.345;-32.670;32.670;2023;9;14;16;1;7.062317;0.023948
3096;-1.64004494;101.15035340;739239.583;9818596.726;393.466;-393.466;2023;9;14;16;1;16.519503;0.015277
3097;-1.64719818;101.12923760;736888.393;9817808.036;393.466;-393.466;2023;9;14;16;1;24.831252;0.029262
3098;-1.63952493;101.13350760;737364.583;9818656.250;1671.875;-1671.875;2023;9;14;16;3;59.181722;0.003844
3099;-1.64113305;101.13939180;738019.345;9818477.679;478.693;-478.693;2023;9;14;16;4;8.140922;0.034207
3100;-1.64410165;101.13123970;737111.607;9818150.298;1302.557;-1302.557;2023;9;14;16;7;36.655681;0.024007
3101;-1.63992323;101.13845470;737915.179;9818611.607;734.375;-734.375;2023;9;14;16;7;43.030211;0.021282
3102;-1.63785086;101.12635330;736568.452;9818842.262;-224.432;224.432;2023;9;14;16;10;57.361676;0.006753
3103;-1.64402553;101.13946170;738026.786;9818157.738;855.114;-855.114;2023;9;14;16;11;12.314833;0.006491
3104;-1.64389143;101.13906050;737982.143;9818172.619;1323.864;-1323.864;2023;9;14;16;11;17.975984;0.003528
3105;-1.64190704;101.13902500;737978.423;9818392.113;652.699;-652.699;2023;9;14;16;23;25.431857;0.018079
3106;-1.64483362;101.13866040;737937.500;9818068.452;911.932;-911.932;2023;9;14;16;23;33.898537;0.036300
3107;-1.64543608;101.14140180;738242.560;9818001.488;464.489;-464.489;2023;9;14;16;23;52.762674;0.025529
3108;-1.64342724;101.13284330;737290.179;9818224.702;1132.102;-1132.102;2023;9;14;16;23;59.078159;0.028168
3109;-1.64745962;101.13632360;737677.083;9817778.274;1188.920;-1188.920;2023;9;14;16;24;4.688811;0.022391
3110;-1.64049591;101.13761970;737822.173;9818548.363;404.119;-404.119;2023;9;14;16;24;13.521952;0.026223
3111;-1.63921594;101.13935630;738015.625;9818689.732;382.812;-382.812;2023;9;14;16;24;25.413854;0.027904
3112;-1.64402582;101.13919440;737997.024;9818157.738;684.659;-684.659;2023;9;14;16;24;54.752989;0.020003
3113;-1.64503607;101.13805900;737870.536;9818046.131;649.148;-649.148;2023;9;14;16;24;59.378260;0.051028
3114;-1.64234993;101.13377800;737394.345;9818343.750;123.580;-123.580;2023;9;14;16;25;6.482287;0.028240
3115;-1.64139521;101.14580930;738733.631;9818447.917;-61.080;61.080;2023;9;14;16;25;25.752631;0.017815
3116;-1.64139853;101.14273440;738391.369;9818447.917;620.739;-620.739;2023;9;14;16;25;28.452398;0.013839
3117;-1.63334774;101.12267200;736159.226;9819340.774;365.057;-365.057;2023;9;14;16;25;34.354244;0.006380
3118;-1.64276015;101.12762860;736709.821;9818299.107;-1992.898;1992.898;2023;9;14;16;25;42.667775;0.013759
3119;-1.64022662;101.13782000;737844.494;9818578.125;524.858;-524.858;2023;9;14;16;25;48.118899;0.008932
3120;-1.63740328;101.13601210;737643.601;9818890.625;347.301;-347.301;2023;9;14;16;25;56.819179;0.008208
3121;-1.63780007;101.14236290;738350.446;9818845.982;460.937;-460.937;2023;9;14;16;26;2.757131;0.025584
3122;-1.63884621;101.13912200;737989.583;9818730.655;649.148;-649.148;2023;9;14;16;26;23.649284;0.026881
3123;-1.63917644;101.14480420;738622.024;9818693.452;1565.341;-1565.341;2023;9;14;16;26;34.959325;0.032852
3124;-1.64516686;101.14153520;738257.440;9818031.250;322.443;-322.443;2023;9;14;16;26;48.501240;0.016720
3125;-1.64597683;101.13899590;737974.702;9817941.964;-1609.375;1609.375;2023;9;14;16;27;6.152468;0.022814
3126;-1.64126529;101.14153100;738257.440;9818462.798;649.148;-649.148;2023;9;14;16;27;14.245647;0.017861
3127;-1.63719624;101.14089170;738186.756;9818912.946;311.790;-311.790;2023;9;14;16;27;17.692638;0.026313
3128;-1.63521042;101.14219300;738331.845;9819132.440;492.898;-492.898;2023;9;14;16;27;22.957502;0.014329
3129;-1.63884779;101.13765140;737825.893;9818730.655;634.943;-634.943;2023;9;14;16;27;30.119411;0.017969
3130;-1.63629216;101.13711390;737766.369;9819013.393;1203.125;-1203.125;2023;9;14;16;27;36.080619;0.016137
3131;-1.63833375;101.14650790;738811.756;9818786.458;205.256;-205.256;2023;9;14;16;28;5.156149;0.043123
3132;-1.64301052;101.14500890;738644.345;9818269.345;24.148;-24.148;2023;9;14;16;28;10.981918;0.030661
3133;-1.63884952;101.13604710;737647.321;9818730.655;748.580;-748.580;2023;9;14;16;28;18.735639;0.053879
3134;-1.64104780;101.15603630;739872.024;9818485.119;400.568;-400.568;2023;9;14;16;28;27.965281;0.019382
3135;-1.64098813;101.14901750;739090.774;9818492.560;-458.807;458.807;2023;9;14;16;28;40.484118;0.031141
3136;-1.64262002;101.13284250;737290.179;9818313.988;705.966;-705.966;2023;9;14;16;28;47.260618;0.035637
3137;-1.64368710;101.14139990;738242.560;9818194.940;436.080;-436.080;2023;9;14;16;28;51.578746;0.042074
3138;-1.64370435;101.12535680;736456.845;9818194.940;-345.170;345.170;2023;9;14;16;29;41.083231;0.012335
3139;-1.64072700;101.14166410;738272.321;9818522.321;450.284;-450.284;2023;9;14;16;29;46.228926;0.014329
3140;-1.64449215;101.14340620;738465.774;9818105.655;294.034;-294.034;2023;9;14;16;29;52.261738;0.019830
3141;-1.64247179;101.14554310;738703.869;9818328.869;336.648;-336.648;2023;9;14;16;32;8.396723;0.024436
3142;-1.63844059;101.14099330;738197.917;9818775.298;350.852;-350.852;2023;9;14;16;32;17.740158;0.031363
3143;-1.63990519;101.15516610;739775.298;9818611.607;-757.102;757.102;2023;9;14;16;32;30.693599;0.017639
3144;-1.63904752;101.13959010;738041.667;9818708.333;471.591;-471.591;2023;9;14;16;32;37.113818;0.028055
3145;-1.64342509;101.13484870;737513.393;9818224.702;961.648;-961.648;2023;9;14;16;32;59.114955;0.029854
3146;-1.63593690;101.15469390;739723.214;9819050.595;883.523;-883.523;2023;9;14;16;34;11.011336;0.020587
3147;-1.64024232;101.15443110;739693.452;9818574.405;230.114;-230.114;2023;9;14;16;34;40.432994;0.022354
3148;-1.63870851;101.14206310;738316.964;9818745.536;464.489;-464.489;2023;9;14;16;34;47.566675;0.020412
3149;-1.63808077;101.16271760;740616.071;9818812.500;997.159;-997.159;2023;9;14;16;34;58.790326;0.009076
3150;-1.64215552;101.12689260;736627.976;9818366.071;201.705;-201.705;2023;9;14;16;36;23.411720;0.016278
3151;-1.63959255;101.13317350;737327.381;9818648.810;528.409;-528.409;2023;9;14;16;38;46.270767;0.015205
3152;-1.64240878;101.14159910;738264.881;9818336.310;1764.205;-1764.205;2023;9;14;16;39;22.148088;0.014478
3153;-1.64542928;101.14768530;738941.964;9818001.488;95.170;-95.170;2023;9;14;16;40;10.579888;0.009203
3154;-1.63858560;101.13123390;737111.607;9818760.417;450.284;-450.284;2023;9;14;16;40;29.725071;0.010415
3155;-1.63951357;101.14406930;738540.179;9818656.250;1089.489;-1089.489;2023;9;14;16;42;57.515501;0.022972
3156;-1.64529691;101.14567980;738718.750;9818016.369;-103.693;103.693;2023;9;14;16;43;40.414810;0.028323
3157;-1.63915556;101.13293910;737301.339;9818697.173;468.040;-468.040;2023;9;14;16;48;22.347757;0.025130
3158;-1.63918508;101.13678270;737729.167;9818693.452;1110.795;-1110.795;2023;9;14;16;48;45.509039;0.013583
3159;-1.63834838;101.16405480;740764.881;9818782.738;-1502.841;1502.841;2023;9;14;16;51;31.983447;0.022524
3160;-1.64239982;101.14988800;739187.500;9818336.310;883.523;-883.523;2023;9;14;16;56;2.080378;0.015897
3161;-1.64310935;101.14691410;738856.399;9818258.185;105.824;-105.824;2023;9;14;17;0;13.881972;0.014848
3162;-1.63262541;101.13767820;737829.613;9819418.899;-1605.824;1605.824;2023;9;14;17;16;3.193791;0.007880
3163;-1.64234086;101.14220060;738331.845;9818343.750;776.989;-776.989;2023;9;14;17;16;12.594621;0.014708
3164;-1.64369804;101.13123930;737111.607;9818194.940;194.602;-194.602;2023;9;14;17;16;20.608754;0.018082
3165;-1.64154012;101.13618360;737662.202;9818433.036;421.875;-421.875;2023;9;14;17;22;43.411852;0.051662
3166;-1.64261441;101.13805650;737870.536;9818313.988;478.693;-478.693;2023;9;14;17;23;1.672801;0.024759
3167;-1.64940499;101.14133920;738235.119;9817562.500;144.886;-144.886;2023;9;14;17;23;3.432217;0.028233
3168;-1.64137048;101.13755380;737814.732;9818451.637;659.801;-659.801;2023;9;14;17;23;38.481678;0.035283
3169;-1.64369474;101.13431420;737453.869;9818194.940;507.102;-507.102;2023;9;14;17;24;47.472342;0.030131
3170;-1.64268160;101.13812340;737877.976;9818306.548;571.023;-571.023;2023;9;14;18;6;58.634264;0.016371
3171;-1.62139670;101.16430410;740794.643;9820657.738;-1900.568;1900.568;2023;9;14;21;33;19.927255;0.042824
3172;-1.64396754;101.13083850;737066.964;9818165.179;194.602;-194.602;2023;9;15;17;48;41.782234;0.024181
3173;-1.63978337;101.14340110;738465.774;9818626.488;620.739;-620.739;2023;9;15;17;50;48.409039;0.036803
3174;-1.64152613;101.14915170;739105.655;9818433.036;919.034;-919.034;2023;9;15;17;51;9.400665;0.018897
3175;-1.63884434;101.14086000;738183.036;9818730.655;478.693;-478.693;2023;9;18;5;36;41.986033;0.037343
3176;-1.64348710;101.13972850;738056.548;9818217.262;457.386;-457.386;2023;9;18;16;33;14.218442;0.042040
3177;-1.63352159;101.14880900;739068.452;9819318.452;1565.341;-1565.341;2023;9;19;22;37;53.886677;0.023050
3178;-1.64005849;101.13778640;737840.774;9818596.726;606.534;-606.534;2023;9;20;20;41;28.645259;0.038751
3179;-1.64401715;101.14721590;738889.881;9818157.738;-224.432;224.432;2023;9;21;3;26;18.592066;0.023947
3180;-1.63789092;101.15168800;739388.393;9818834.821;1075.284;-1075.284;2023;9;21;3;26;48.392718;0.011726
3181;-1.63938249;101.14086060;738183.036;9818671.131;1203.125;-1203.125;2023;9;21;3;26;59.630680;0.031636
3182;-1.64263291;101.12081010;735950.893;9818313.988;-1268.466;1268.466;2023;9;21;3;27;59.754458;0.021445
3183;-1.64449114;101.14434200;738569.940;9818105.655;-32.670;32.670;2023;9;21;3;28;2.728707;0.041209
3184;-1.64112657;101.14540790;738688.988;9818477.679;436.080;-436.080;2023;9;21;3;28;44.746861;0.040900
3185;-1.63786055;101.11726220;735556.548;9818842.262;-1531.250;1531.250;2023;9;21;3;37;14.611401;0.013694
3186;-1.64644373;101.14267290;738383.929;9817889.881;31.250;-31.250;2023;9;21;3;43;8.547568;0.012810
3187;-1.64422611;101.14059830;738153.274;9818135.417;180.398;-180.398;2023;9;21;3;43;36.966165;0.004030
3188;-1.63810791;101.13758380;737818.452;9818812.500;1622.159;-1622.159;2023;9;21;3;44;35.314834;0.014528
3189;-1.63649261;101.13838420;737907.738;9818991.071;1139.205;-1139.205;2023;9;21;3;45;0.401739;0.013832
3190;-1.63713456;101.13567760;737606.399;9818920.387;418.324;-418.324;2023;9;21;3;46;23.753327;0.040007
3191;-1.64085750;101.14540760;738688.988;9818507.440;833.807;-833.807;2023;9;21;3;47;35.902162;0.022342
3192;-1.64233928;101.14367120;738495.536;9818343.750;492.898;-492.898;2023;9;21;3;47;45.476231;0.007844
3193;-1.63830634;101.14072570;738168.155;9818790.179;1018.466;-1018.466;2023;9;21;3;50;10.319493;0.024603
3194;-1.63460822;101.13918440;737997.024;9819199.405;1082.386;-1082.386;2023;9;21;3;51;53.756371;0.030998
3195;-1.63405887;101.14961170;739157.738;9819258.929;1338.068;-1338.068;2023;9;21;3;54;41.160775;0.022926
3196;-1.63478807;101.15957240;740266.369;9819177.083;919.034;-919.034;2023;9;21;3;54;56.191213;0.019940
3197;-1.63506869;101.14887750;739075.893;9819147.321;1146.307;-1146.307;2023;9;21;3;55;2.205158;0.022499
3198;-1.63944436;101.14587410;738741.071;9818663.690;883.523;-883.523;2023;9;21;3;57;10.921028;0.035943
3199;-1.65022118;101.13305110;737312.500;9817473.214;-1985.795;1985.795;2023;9;21;18;0;5.392410;0.020563
3200;-1.63457734;101.16779410;741181.548;9819199.405;-1985.795;1985.795;2023;9;21;18;0;24.665356;0.024432
3201;-1.63997093;101.15656990;739931.548;9818604.167;-1957.386;1957.386;2023;9;21;18;0;43.870139;0.029498
3202;-1.64535671;101.15256500;739485.119;9818008.929;372.159;-372.159;2023;9;21;18;2;53.306780;0.029318
3203;-1.64328118;101.14353860;738480.655;9818239.583;393.466;-393.466;2023;9;21;18;3;1.863211;0.036363
3204;-1.63964523;101.14674330;738837.798;9818641.369;450.284;-450.284;2023;9;21;18;3;6.839155;0.031359
3205;-1.63592036;101.16993450;741419.643;9819050.595;-1247.159;1247.159;2023;9;21;18;3;55.402140;0.027832
3206;-1.63976761;101.15797340;740087.798;9818626.488;478.693;-478.693;2023;9;21;18;3;58.453417;0.018231
3207;-1.63357811;101.15876900;740177.083;9819311.012;-160.511;160.511;2023;9;21;18;4;4.847070;0.017788
3208;-1.64341529;101.14393980;738525.298;9818224.702;393.466;-393.466;2023;9;21;18;4;8.673522;0.030393
3209;-1.64812942;101.13899820;737974.702;9817703.869;890.625;-890.625;2023;9;21;18;5;31.933446;0.019110
3210;-1.64315457;101.13618530;737662.202;9818254.464;890.625;-890.625;2023;9;21;18;5;48.377213;0.029081
3211;-1.64969425;101.12262240;736151.786;9817532.738;2.841;-2.841;2023;9;21;18;6;39.499944;0.038816
3212;-1.64960773;101.14047040;738138.393;9817540.179;634.943;-634.943;2023;9;21;18;40;21.609643;0.033013
3213;-1.63856417;101.15115390;739328.869;9818760.417;1217.330;-1217.330;2023;9;28;7;5;1.828476;0.019660
3214;-1.63467213;101.14232620;738346.726;9819191.964;1089.489;-1089.489;2023;9;28;7;39;3.832552;0.032713
3215;-1.63736746;101.13805090;737870.536;9818894.345;1061.080;-1061.080;2023;9;28;7;40;2.519272;0.026325
3216;-1.63668543;101.14674010;738837.798;9818968.750;904.830;-904.830;2023;9;28;7;55;56.946956;0.028802
3217;-1.64112873;101.14340260;738465.774;9818477.679;478.693;-478.693;2023;9;28;7;56;5.492735;0.027973
3218;-1.64139593;101.14514080;738659.226;9818447.917;492.898;-492.898;2023;9;28;7;56;11.486618;0.042744
3219;-1.63669003;101.14246200;738361.607;9818968.750;1529.830;-1529.830;2023;9;28;7;57;46.276622;0.030847
3220;-1.64407739;101.15370000;739611.607;9818150.298;-1026.989;1026.989;2023;9;28;7;59;35.898457;0.036081
3221;-1.64287858;101.14260230;738376.488;9818284.226;166.193;-166.193;2023;9;28;8;1;35.723212;0.013566
3222;-1.64045028;101.14874950;739061.012;9818552.083;-146.307;146.307;2023;9;28;8;2;3.363576;0.023776
3223;-1.64395212;101.14514360;738659.226;9818165.179;237.216;-237.216;2023;9;28;8;2;40.309346;0.036633
3224;-1.63951112;101.14634210;738793.155;9818656.250;109.375;-109.375;2023;9;28;8;7;49.710402;0.021148
3225;-1.64395068;101.14648050;738808.036;9818165.179;-4.261;4.261;2023;9;28;8;13;6.840710;0.037361
3226;-1.64031762;101.14701140;738867.560;9818566.964;180.398;-180.398;2023;9;28;8;15;50.847877;0.022675
3227;-1.64664329;101.14474540;738614.583;9817867.560;-629.261;629.261;2023;9;28;8;15;58.195898;0.032474
3228;-1.64247497;101.14260180;738376.488;9818328.869;720.170;-720.170;2023;9;28;8;17;0.495618;0.020654
3229;-1.64006079;101.13564730;737602.679;9818596.726;563.920;-563.920;2023;9;28;8;17;24.296935;0.010393
3230;-1.63898032;101.13952320;738034.226;9818715.774;961.648;-961.648;2023;9;28;8;19;49.299552;0.019719
3231;-1.63979128;101.13604810;737647.321;9818626.488;691.761;-691.761;2023;9;28;8;20;55.526452;0.026934
3232;-1.64072297;101.14540750;738688.988;9818522.321;379.261;-379.261;2023;9;28;8;26;42.881262;0.028089
3233;-1.64159550;101.14721330;738889.881;9818425.595;-25.568;25.568;2023;9;28;8;26;46.839589;0.044206
3234;-1.64274202;101.14447380;738584.821;9818299.107;464.489;-464.489;2023;9;28;8;27;2.100451;0.029376
3235;-1.64286918;101.15129220;739343.750;9818284.226;-1012.784;1012.784;2023;9;28;8;29;31.021827;0.030001
3236;-1.63861189;101.13808560;737874.256;9818756.696;879.972;-879.972;2023;9;28;8;33;52.383476;0.039743
3237;-1.64207309;101.14099710;738197.917;9818373.512;450.284;-450.284;2023;9;28;8;34;52.701038;0.040052
3238;-1.64002453;101.13808710;737874.256;9818600.446;816.051;-816.051;2023;9;28;8;35;23.664381;0.032632
3239;-1.63873852;101.14543880;738692.708;9818741.815;-22.017;22.017;2023;9;28;8;35;37.040384;0.014598
3240;-1.64281916;101.13531600;737565.476;9818291.667;585.227;-585.227;2023;9;28;8;36;6.266300;0.008349
3241;-1.64166515;101.14500740;738644.345;9818418.155;208.807;-208.807;2023;9;28;8;36;9.261727;0.038893
3242;-1.64374837;101.14694820;738860.119;9818187.500;315.341;-315.341;2023;9;28;8;36;18.695253;0.059719
3243;-1.64140716;101.13471290;737498.512;9818447.917;1004.261;-1004.261;2023;9;28;8;36;33.712682;0.013782
3244;-1.64502943;101.14420890;738555.060;9818046.131;38.352;-38.352;2023;9;28;8;36;39.875258;0.039589
3245;-1.65094556;101.14742380;738912.202;9817391.369;-1623.580;1623.580;2023;9;28;8;37;37.740103;0.025226
3246;-1.64086183;101.14139690;738242.560;9818507.440;663.352;-663.352;2023;9;28;8;37;40.766601;0.021861
3247;-1.64126500;101.14179840;738287.202;9818462.798;805.398;-805.398;2023;9;28;8;38;9.712571;0.019280
3248;-1.64004884;101.14674370;738837.798;9818596.726;379.261;-379.261;2023;9;28;8;39;3.324868;0.042920
3249;-1.64019288;101.13792020;737855.655;9818581.845;705.966;-705.966;2023;9;28;8;39;16.254984;0.031195
3250;-1.64412626;101.13962900;738045.387;9818146.577;247.869;-247.869;2023;9;28;8;39;29.691031;0.022773
3251;-1.64203791;101.14243430;738357.887;9818377.232;482.244;-482.244;2023;9;28;8;40;15.941136;0.024873
3252;-1.64247237;101.14500830;738644.345;9818328.869;407.670;-407.670;2023;9;28;8;40;38.481508;0.030174
3253;-1.64355415;101.13992920;738078.869;9818209.821;563.920;-563.920;2023;9;28;8;40;41.382031;0.036351
3254;-1.64624056;101.14394280;738525.298;9817912.202;137.784;-137.784;2023;9;28;8;41;2.164666;0.022268
3255;-1.63896590;101.15289230;739522.321;9818715.774;705.966;-705.966;2023;9;28;8;41;20.882024;0.016720
3256;-1.64032454;101.14059420;738153.274;9818566.964;478.693;-478.693;2023;9;28;8;41;55.053530;0.024815
3257;-1.63857441;101.14166180;738272.321;9818760.417;1501.420;-1501.420;2023;9;28;8;42;14.572999;0.035245
3258;-1.64422726;101.13952880;738034.226;9818135.417;961.648;-961.648;2023;9;28;8;42;19.552989;0.035061
3259;-1.64193696;101.14246760;738361.607;9818388.393;890.625;-890.625;2023;9;28;8;43;54.732379;0.030895
3260;-1.64778447;101.14695250;738860.119;9817741.071;-622.159;622.159;2023;9;28;8;44;16.908736;0.051791
3261;-1.63803310;101.14460250;738599.702;9818819.940;1146.307;-1146.307;2023;9;28;8;44;28.379225;0.034501
3262;-1.64203870;101.14169900;738276.042;9818377.232;645.597;-645.597;2023;9;28;8;47;19.863003;0.023941
3263;-1.63928306;101.13949010;738030.506;9818682.292;879.972;-879.972;2023;9;28;8;47;33.074199;0.033433
3264;-1.64167178;101.13885760;737959.821;9818418.155;1103.693;-1103.693;2023;9;28;8;51;42.258733;0.013824
3265;-1.64073146;101.13751970;737811.012;9818522.321;833.807;-833.807;2023;9;28;8;59;46.525692;0.027552
3266;-1.64106572;101.13945860;738026.786;9818485.119;599.432;-599.432;2023;9;28;9;4;21.272602;0.021173
3267;-1.64059477;101.13952490;738034.226;9818537.202;890.625;-890.625;2023;9;28;9;5;15.836161;0.018579
3268;-1.64260546;101.14634540;738793.155;9818313.988;265.625;-265.625;2023;9;28;9;10;20.367955;0.021009
3269;-1.64073764;101.13177090;737171.131;9818522.321;1004.261;-1004.261;2023;9;28;9;17;17.358584;0.013346
3270;-1.63995330;101.14176360;738283.482;9818607.887;453.835;-453.835;2023;10;5;7;35;44.907713;0.026374
3271;-1.61904282;101.13231630;737234.375;9820921.875;205.256;-205.256;2023;10;8;0;46;1.739098;0.021732
3272;-1.62153793;101.12650330;736587.054;9820646.577;901.278;-901.278;2023;10;8;0;46;50.840993;0.045666
3273;-1.63709924;101.13724850;737781.250;9818924.107;1288.352;-1288.352;2023;10;9;12;0;57.214207;0.035820
3274;-1.63512245;101.16137760;740467.262;9819139.881;428.977;-428.977;2023;10;9;13;10;28.751000;0.032902
3275;-1.64348103;101.14534360;738681.548;9818217.262;2.841;-2.841;2023;10;10;8;52;47.481850;0.024687
3276;-1.64893549;101.14006860;738093.750;9817614.583;1330.966;-1330.966;2023;10;12;2;8;51.738842;0.024441
3277;-1.64617726;101.14026620;738116.071;9817919.643;542.614;-542.614;2023;10;12;2;25;53.890545;0.040246
3278;-1.64751684;101.14561530;738711.310;9817770.833;911.932;-911.932;2023;10;12;2;26;44.378257;0.041367
3279;-1.64429086;101.14293800;738413.690;9818127.976;883.523;-883.523;2023;10;12;7;33;35.722850;0.029584
3280;-1.63520841;101.14406470;738540.179;9819132.440;1359.375;-1359.375;2023;10;12;7;35;26.728042;0.017207
3281;-1.63574928;101.14152520;738257.440;9819072.917;1302.557;-1302.557;2023;10;12;7;44;21.162094;0.018837
3282;-1.63654945;101.14807690;738986.607;9818983.631;1345.170;-1345.170;2023;10;14;8;24;30.547172;0.014190
3283;-1.63944523;101.14507190;738651.786;9818663.690;1451.705;-1451.705;2023;10;14;10;32;46.230963;0.020159
3284;-1.64059793;101.13658370;737706.845;9818537.202;791.193;-791.193;2023;10;14;16;31;41.023009;0.026026
3285;-1.64429893;101.13545120;737580.357;9818127.976;1252.841;-1252.841;2023;10;17;8;13;56.770850;0.052827
3286;-1.64323382;101.12502210;736419.643;9818247.024;656.250;-656.250;2023;10;17;9;1;32.410646;0.022153
3287;-1.63196982;101.12163440;736043.899;9819493.304;212.358;-212.358;2023;10;18;0;33;19.668341;0.009786
3288;-1.62881008;101.13565210;737604.539;9819841.146;-1536.577;1536.577;2023;10;18;14;21;34.951095;0.217816
